aaron,aarron,abagail,abbe,abbey,abbie,abbott,abby,abdon,abdul,abdullah,abe,abel,abelardo,abelino,abigail,abimael,able,abner,abra,abraham,abram,abran,abril,ace,acey,acie,acquanetta,ada,adah,adair,adalberto,adalia,adaline,adam,adams,adan,adana,addie,addison,adeana,adel,adela,adelaida,adelaide,adelbert,adele,adelia,adelina,adeline,adelita,adell,adella,adelle,aden,adena,adin,adina,adine,adolf,adolfo,adolph,adolpho,adolphus,adon,adonia,adonica,adonis,adonna,adora,adra,adrain,adraine,adrea,adrean,adreana,adrena,adria,adrian,adriana,adriane,adriann,adrianna,adrianne,adriano,adriel,adrien,adriene,adrienna,adrienne,adrin,adrina,adrine,adrion,adron,africa,afton,agapito,agatha,agee,aggie,agnes,agostino,agueda,agustin,agustina,agustine,ahmad,ahmed,aicha,aida,aidan,aide,aidee,aileen,ailene,aime,aimee,aimi,aimie,aina,ainsley,aisha,aishah,aislinn,aissa,aj,aja,ajay,akbar,akemi,akiko,akim,akiva,al,aladino,alain,alaina,alaine,alan,alana,alanda,alando,alandra,alane,alanna,alanzo,alaric,alastair,alayna,alayne,alba,alban,albaro,albert,alberta,albertha,albertina,albertine,alberto,albin,albino,albion,alcario,alcibiades,alcides,alcindor,alda,alden,aldo,aldon,aldous,aldric,aldrin,aldwin,alease,aleatha,alec,alecha,alechia,alecia,aleda,aleece,aleecia,aleena,aleesa,aleida,aleisa,aleisha,alejandra,alejandrina,alejandro,aleksander,alen,alena,alenda,alene,alesa,alesha,aleshia,alesia,alessandra,alessandro,aleta,aletha,alethea,alethia,aletia,aletra,aletta,alex,alexa,alexander,alexandra,alexandre,alexandrea,alexandria,alexandro,alexi,alexia,alexis,alexsandra,alf,alferd,alfie,alfons,alfonsa,alfonse,alfonso,alfonza,alfonzia,alfonzo,alford,alfred,alfreda,alfredia,alfredo,alfreida,alfrieda,algernon,algie,ali,alia,alica,alice,alicea,alicha,alicia,alida,aliesa,aliesha,aliisa,alina,alinda,aline,alisa,alise,alisha,alishia,alisia,alison,alissa,alistair,alita,alix,aliza,allan,allana,allean,allegra,allen,allena,allene,allicia,allie,allis,allisa,allison,allissa,allon,allyn,allyson,alma,almadelia,almeda,almeta,almira,almitra,almon,alnisa,aloha,alois,aloma,alon,alona,alonda,alondra,alonna,alonso,alonza,alonzo,alora,aloysius,alpa,alpha,alpheus,alphonse,alphonso,alphonza,alphonzo,alric,alston,alta,altagracia,altha,althea,althia,altina,alton,altonio,alva,alvah,alvaro,alverto,alveta,alvie,alvin,alvina,alvino,alvis,alvita,alvon,alwin,alwyn,alyce,alycia,alys,alysa,alyse,alysha,alysia,alyson,alyssa,alyssia,amada,amadeo,amado,amador,amal,amalia,aman,amanda,amando,amani,amantha,amara,amarilis,amaris,amaryllis,amber,amberly,ambra,ambre,ambrose,ambrosio,ame,amee,ameer,amelia,amelie,america,americo,ames,amethyst,amey,ami,amie,amiee,amiel,amina,aminah,aminta,amir,amira,amit,amita,amity,amma,ammie,ammon,ammy,amon,amory,amos,amparo,amy,amybeth,amye,amyjo,an,ana,anabel,anabell,anabelle,anacleto,analisa,anamaria,anamarie,anand,ananda,anastacia,anastacio,anastasia,anastasios,ancil,andee,ander,andera,anders,anderson,andi,andora,andra,andrae,andre,andrea,andreal,andreana,andreanna,andreas,andree,andrei,andreia,andrejs,andrell,andrena,andres,andretta,andrew,andrews,andrey,andria,andrian,andriana,andrie,andrina,andrus,andy,ane,anesia,anessa,anessia,aneta,anetra,anetta,anette,anga,angala,ange,angee,angel,angela,angele,angelea,angelee,angelena,angelene,angeles,angelette,angeli,angelia,angelic,angelica,angelie,angeligue,angelika,angelin,angelina,angeline,angelique,angelisa,angelita,angella,angelle,angelo,angelos,angelyn,angenette,angi,angie,angiela,angila,angla,angle,anglea,angles,anglia,anglie,anglique,angus,ani,anibal,aniceto,anicia,anie,aniel,aniello,anika,anil,anina,anisa,anise,anisha,anisia,anissa,anissia,anita,anitra,anitta,anja,anjali,anjana,anjanetta,anjanette,anjannette,anjeanette,anjelica,anji,anke,anmarie,ann,anna,annabel,annabell,annabella,annabelle,annabeth,annalee,annaliese,annalisa,annamae,annamaria,annamarie,anndee,anne,anneke,annelies,anneliese,annelisa,annelise,annelle,annemarie,annessa,annete,annett,annetta,annette,anngela,annia,annice,annick,annie,annika,annisa,annise,annissa,annita,annjanette,annlouise,annmargaret,annmarie,anntionette,anntoinette,anntonette,anothny,anothony,anothy,anouk,ansel,anselmo,ansley,anson,antar,anthea,anthon,anthonette,anthoney,anthonio,anthony,anthoula,antia,antigone,antione,antionetta,antionette,antionio,antiono,antjuan,antoin,antoine,antoinetta,antoinette,antoinne,antoino,anton,antone,antonella,antonetta,antonette,antoni,antonia,antonie,antonieta,antonietta,antoniette,antonina,antoninette,antonino,antonio,antonius,antonnio,antony,antonya,antron,antwan,antwane,antwanette,antwann,antwaun,antwine,antwoine,antwon,antwone,antwyne,anuj,anupama,anwar,any,anya,apolinar,apollo,apolonia,apolonio,april,aprile,aprill,aprille,apryl,aqua,aquanetta,aquilla,ara,arabella,araceli,aracelia,aracelis,aracely,aram,aramis,aran,araseli,arcadio,arcelia,arch,archer,archibald,archie,ardelia,ardell,ardella,arden,ardena,ardie,ardis,ardith,ardra,areatha,areli,aren,arena,aretha,arethea,aretta,argelia,argentina,arhonda,ari,aria,ariadna,ariadne,arian,ariana,ariane,arianna,arianne,aric,arica,arick,arie,ariel,ariella,arielle,arienne,arif,arik,arika,arin,aris,aristede,aristeo,aristotle,aritha,arjun,ark,arla,arlan,arlana,arland,arlanda,arlando,arleen,arlen,arlena,arlene,arles,arlesia,arleta,arletha,arlethia,arletta,arlette,arley,arlicia,arlie,arlin,arlina,arlinda,arline,arlington,arlis,arlisa,arlisha,arlita,arlo,arlon,arlyn,arlynda,arlyne,arma,arman,armand,armanda,armandina,armando,armen,armida,armin,arminda,armon,armond,armondo,arnaldo,arne,arnel,arnell,arnetha,arnett,arnetta,arnette,arnez,arnie,arnissa,arnita,arno,arnold,arnoldo,arnulfo,aron,aronda,arron,arsenio,art,artavia,artelia,artemio,artemis,artemus,arther,arthur,arthuro,artie,artina,artis,arturo,arty,arun,arvel,arvella,arvid,arvil,arvin,arvis,arwen,aryeh,asa,ascencion,ascension,asha,ashby,asher,ashia,ashlea,ashlee,ashleigh,ashley,ashlie,ashly,ashlyn,ashok,ashraf,ashton,asia,asim,askia,aspasia,assunta,astra,astrid,atha,athanasios,athena,athenia,athina,athony,atina,atlee,atonia,atonya,atticus,attila,attilio,aubrey,aubry,audery,audie,audra,audrea,audree,audrey,audri,audria,audrie,audry,audwin,augie,august,augusta,augustin,augustina,augustine,augusto,augustus,aundra,aundray,aundre,aundrea,aundrey,aundria,aura,aurea,aurelia,aureliano,aurelio,auria,aurora,austin,auther,author,authur,autrey,autumn,ava,avelardo,avelina,avelino,averi,averill,avery,avi,avid,avis,aviva,avon,avonda,avraham,avram,avril,avrohom,awilda,axel,ayda,ayesha,ayisha,aymee,ayse,aysha,azalea,azalia,azeneth,babak,babbette,babette,baby,baila,bailey,baird,baldemar,baldomero,balinda,ballard,baltazar,bambi,banita,barabra,barak,barb,barbar,barbara,barbaraann,barbarajean,barbarajo,barbaranne,barbarella,barbette,barbi,barbie,barbra,barclay,bard,bari,barnabas,barnaby,barnard,barnett,barney,baron,barret,barrett,barri,barrie,barrington,barron,barry,bart,barth,bartholomew,bartlett,bartley,bartolo,barton,bartt,baruch,bary,basil,basilio,bathsheba,batina,batsheva,baxter,bayyinah,bea,beata,beate,beatrice,beatris,beatrix,beatriz,beau,beauford,becca,becket,beckey,becki,beckie,becky,bedford,bejamin,bekki,belden,belen,belia,belinda,belkis,bella,belle,belva,belvia,belynda,ben,benard,benedetta,benedetto,benedict,benetta,benford,bengie,benigno,benita,benito,benjaman,benjamen,benjamin,benjamine,benji,benjie,benjiman,benjy,bennet,bennett,bennie,bennita,benny,benoit,benson,bentley,benton,benuel,berenice,berkley,berlin,berlinda,berna,bernabe,bernadett,bernadetta,bernadette,bernadina,bernadine,bernal,bernard,bernardette,bernardine,bernardino,bernardo,bernd,bernedette,bernell,bernetta,bernette,bernhard,bernice,bernie,berniece,bernina,bernis,bernita,beronica,berry,bert,berta,bertha,bertie,bertina,berton,bertram,bertrand,bertrum,berwyn,beryl,bess,bessie,beth,bethaney,bethani,bethania,bethanie,bethann,bethanne,bethany,bethel,bethney,bethzaida,betina,betrina,betsaida,betsey,betsi,betsy,bette,betti,bettie,bettina,betty,bettye,bettyjean,bettyjo,betzaida,beulah,bev,bevan,beverely,beverlee,beverley,beverly,bevin,biafra,biagio,bianca,bienvenido,biff,bilal,bill,billee,billey,billi,billie,billiejo,billijo,billy,billye,billyjoe,bina,bion,birdie,birgit,birgitta,birtha,bishop,bjorn,blain,blaine,blair,blaire,blaise,blake,blakely,blanca,blanch,blanche,blandon,blane,blanton,blas,blase,blayne,blaze,blenda,blima,blinda,bliss,blondell,blossom,blue,blythe,bo,bob,bobbette,bobbi,bobbie,bobbiejo,bobbijo,bobby,bobbye,bobbyjo,bobette,bobi,bobie,bodie,bogdan,bohdan,bolivar,bonifacio,bonita,bonna,bonner,bonney,bonni,bonnie,bonniejean,bonnita,bonny,bonnye,booker,boone,boris,boston,bowen,boyce,boyd,bozena,brack,bracy,brad,bradd,bradely,braden,bradford,bradlee,bradley,bradly,brady,brain,bram,brance,brand,branda,brandalyn,brandan,brande,brandee,branden,brandi,brandie,brandon,brandt,brandy,brandye,brandyn,brannon,brant,brantley,branton,braulio,braxton,breanda,breck,breda,breena,brena,brend,brenda,brendalee,brendalyn,brendan,brenden,brendolyn,brendon,brendt,brenetta,brenna,brennan,brennen,brennon,brent,brenten,brentley,brently,brenton,bret,breta,breton,brett,bretta,brette,bretton,brian,briana,brianna,brianne,briant,brice,bridget,bridgete,bridgett,bridgette,bridgid,bridgit,bridgitt,bridgitte,brien,briget,brigett,brigetta,brigette,briggett,briggette,brigham,brigid,brigida,brigit,brigitt,brigitta,brigitte,brina,brinda,brinton,brion,brit,brita,british,britney,briton,britt,britta,brittany,brittney,britton,broc,brock,broderick,brodie,brodrick,brody,bron,bronda,bronica,bronson,bronte,bronwen,bronwyn,brook,brooke,brookie,brooks,brown,bruce,bruna,brunilda,bruno,bryan,bryant,bryce,bryn,bryna,bryne,brynn,brynne,bryon,bryson,bubba,bubby,buck,buckley,bucky,bud,budd,buddy,buel,buffey,buffi,buffie,buffy,buford,bunnie,bunny,burdette,burgess,burk,burke,burl,burley,burnadette,burnell,burnett,burnetta,burnette,burney,burnie,burr,burrell,burt,burtis,burton,buster,butch,byran,byrant,byron,cabot,cabrina,cade,caesar,cahterine,cain,caitlin,cal,calandra,calbert,cale,caleb,caleen,calene,caley,cali,calin,calista,calixto,calleen,callie,cally,calogero,calvert,calvin,cam,camala,camalla,cambria,camden,camela,camelia,camella,camelle,camellia,cameo,cameron,camey,cami,camie,camila,camile,camilla,camille,camillia,camillo,camilo,cammi,cammie,cammy,campbell,camron,camy,candace,candance,candas,cande,candece,candee,candelaria,candelario,candi,candiace,candice,candida,candido,candie,candis,candise,candra,candy,candyce,cannon,cantrece,cantrell,cantrice,capri,caprice,capricia,caprina,capucine,cara,carah,caralee,caralyn,caran,cardell,caree,careen,caren,caressa,caretta,carey,careyann,cari,caria,cariann,carianne,caridad,carie,carilyn,carin,carina,carine,carisa,carissa,carita,carl,carla,carlee,carleen,carlen,carlena,carlene,carles,carletha,carleton,carletta,carlette,carley,carlia,carlie,carlin,carlina,carline,carlis,carlisa,carlise,carlisle,carliss,carlissa,carlita,carlo,carlon,carlos,carlota,carlotta,carloyn,carlson,carlton,carlus,carlvin,carly,carlyle,carlyn,carlynn,carlyon,carma,carmalita,carman,carmel,carmela,carmelia,carmelina,carmelita,carmell,carmella,carmelle,carmello,carmelo,carmen,carmencita,carmetta,carmie,carmilla,carmin,carmina,carmine,carmita,carmon,carnel,carnell,carnita,carol,carola,carolann,carolanne,carole,carolee,carolene,carolette,carolin,carolina,caroline,caroll,carollynn,carolyn,carolyne,carolynn,carolynne,caron,carra,carren,carri,carrianne,carrie,carrieann,carrieanne,carrin,carrington,carrol,carroll,carron,carry,carson,carsten,carter,cartina,cartrell,carvel,carvin,cary,caryl,carylon,caryn,casandra,casaundra,case,casey,cash,casi,casie,casilda,casimer,casimir,casimiro,casondra,casonya,casper,cass,cassand,cassanda,cassandra,cassandre,cassaundra,cassi,cassidy,cassie,cassius,cassondra,cassundra,cassy,casundra,catalina,catalino,catarina,catarino,caterina,catha,cathaleen,catharina,catharine,cathe,catherin,catherina,catherine,catheryn,cathey,cathi,cathie,cathleen,cathlena,cathlene,cathlin,cathrina,cathrine,cathryn,cathy,cathyjo,catina,catrece,catrena,catrenia,catrice,catricia,catrina,catriona,cavan,cavin,cayce,cayetano,cayla,ceasar,ceaser,ceceilia,cecelia,cecelio,cecil,cecila,cecile,cecilia,cecilio,cecily,cedric,cedrick,cedrie,celedonio,celena,celene,celest,celesta,celeste,celestia,celestina,celestine,celestino,celia,celina,celinda,celine,celines,celisa,celita,celso,cena,cendy,centhia,cepeda,cephas,cephus,ceri,cerina,cerise,cesar,cesare,cesario,cevin,chad,chadd,chadley,chadrick,chadwick,chaim,chaka,chalanda,chalene,chalice,chalmer,chalon,chama,chan,chana,chance,chancellor,chancey,chancy,chanda,chandelle,chandi,chandler,chandra,chandrea,chandria,chandrika,chanel,chanell,chanelle,chanese,chaney,chanie,chanin,chanita,channa,channan,channel,channin,channing,channon,chanse,chanta,chantal,chantale,chantay,chante,chantel,chantele,chantell,chantelle,chantil,char,chara,charee,charelle,charemon,chares,charese,chari,charice,charie,charis,charisa,charise,charisma,charissa,charisse,charita,charito,charity,charla,charlaine,charlane,charle,charlean,charlee,charleen,charlena,charlene,charles,charlese,charlesetta,charlestine,charleston,charlet,charlett,charletta,charlette,charley,charlie,charlin,charlina,charline,charlisa,charlita,charlon,charlott,charlotta,charlotte,charls,charlsie,charlton,charly,charlyn,charlyne,charlynn,charmagne,charmain,charmaine,charman,charmane,charmarie,charmayne,charmel,charmell,charmelle,charmen,charmian,charmin,charmine,charmion,charmon,charnell,charnetta,charnette,charnita,charo,charolett,charolette,charon,charonda,charrise,charrisse,charron,charyl,chas,chase,chastity,chaun,chauncey,chauncy,chaunda,chaundra,chaunte,chauntel,chauntelle,chava,chavez,chavis,chavonne,chawn,chaya,che,chela,chele,chelesa,chelisa,chelise,chelle,chellie,chelly,chelsa,chelsea,chelsey,chelsi,chelsia,chelsie,chemene,chena,chenell,chenelle,chenise,chenita,chenoa,cher,chera,cheralyn,cheray,chere,cheree,chereese,cherelle,cherene,cheresa,cherese,cheri,cherianne,cherice,cherie,cheril,cherilyn,cherilynn,cherisa,cherise,cherish,cherisse,cherita,cherl,cherly,cherlyn,cherlynn,cherokee,cheron,cheronda,cherrell,cherri,cherrie,cherrise,cherron,cherry,cherryl,chery,cheryl,cherylann,cheryle,cherylene,cheryll,cherylyn,cherylynn,chesley,chester,chet,cheval,chevelle,chevette,chevonne,cheyenne,chiara,chico,chiffon,chimene,chin,china,chinita,chino,chip,chipper,chiquetta,chiquita,chiquitta,chirstine,chirstopher,chirsty,chistina,chistopher,chloe,chloris,chon,chona,chonda,chondra,chonita,chris,chrisa,chrisandra,chrisann,chrisanne,chriselda,chrisi,chrisie,chrislyn,chrisopher,chriss,chrissandra,chrissie,chrissy,christ,christa,christain,christal,christan,christe,christee,christeen,christeena,christel,christella,christen,christena,christene,christepher,christhoper,christi,christia,christiaan,christian,christiana,christiane,christiann,christianna,christianne,christie,christien,christienne,christin,christina,christine,christinia,christinna,christipher,christl,christle,christna,christne,christo,christobal,christofer,christoffer,christoher,christohper,christon,christoper,christoph,christophe,christopher,christophere,christophor,christophr,christos,christoval,christpher,christphor,christropher,christy,christyann,christye,christyl,christyn,chrisy,chritopher,chrles,chrstine,chryl,chrystal,chrysti,chrystie,chrystine,chuck,chuckie,chucky,chundra,chyrl,ciaran,cicely,cicero,cicily,cid,cilia,cimberly,cinamon,cinda,cindee,cindi,cindie,cindra,cindy,cindyann,cindylee,cinnamin,cinnamon,cinque,cinthia,cinzia,cipriano,cira,cirilo,ciro,cisco,cissy,claiborne,clair,claire,clancy,clara,clarance,clare,clarence,claretha,claretta,claribel,clarice,clarie,clarinda,clarisa,clarise,clarissa,clarisse,clarita,clariza,clark,clarke,classie,claud,claude,claudene,claudett,claudette,claudia,claudie,claudina,claudine,claudio,claudius,claus,clay,clayborn,clayton,clea,clearence,cleatus,clelia,clell,clem,clement,clemente,clementina,clementine,clemmie,clemon,cleo,cleofas,cleon,cleopatra,cleophus,cleotha,cleston,cleta,clete,cletis,cletus,cleve,cleveland,clevette,clif,cliff,clifford,cliffton,clifton,cline,clinetta,clint,clinten,clinton,clista,clive,cloria,clorinda,clover,clovis,cloyd,clyde,coby,codi,cody,colandra,colbert,colby,cole,coleen,coleman,colen,colene,coletta,colette,coley,colin,colleen,collen,collene,colletta,collette,collie,collier,collin,collins,collis,colm,colon,colt,colton,columbus,colvin,comer,conan,concepcion,conception,concetta,concettina,concha,conchetta,conchita,conda,coney,coni,conley,conn,connell,conner,conni,connie,connor,conny,conor,conrad,conrado,consandra,constance,constancia,constancio,constantina,constantine,constantino,constantinos,consuela,consuella,consuelo,contessa,contrena,contrina,conway,conya,cookie,cooper,cora,coral,coralee,coralie,corbet,corbett,corbin,corby,cord,cordelia,cordell,cordia,coreen,coreena,corena,corene,corenna,coretha,coretta,corey,cori,corie,corin,corina,corinda,corine,corinna,corinne,corinthia,corissa,corky,corlette,corley,corliss,cornel,cornelia,cornelio,cornelious,cornelius,cornell,corolyn,coronda,corrado,correen,correna,correne,corretta,correy,corri,corrie,corrin,corrina,corrine,corrinna,corrinne,corry,cort,cortez,cortina,cortland,cortney,corwin,corwyn,cory,cosandra,cosette,cosimo,cosme,cosmo,costas,coty,courtenay,courtland,courtnay,courtney,covey,coy,coye,cozetta,cozette,craig,craige,craigory,crandall,cranston,craven,crawford,creed,creg,cregg,creig,creighton,creola,cresencio,crespin,cressida,creston,cretia,cricket,crickett,cris,criselda,crispin,criss,crissa,crissie,crissy,crist,crista,cristal,cristee,cristela,cristen,cristi,cristian,cristiana,cristie,cristin,cristina,cristine,cristobal,cristopher,cristoval,cristy,crosby,cruz,crysta,crystal,crystel,crystle,crystol,cuauhtemoc,cullen,cully,curits,curley,curly,curry,curt,curtis,curtiss,curvin,cutberto,cy,cybele,cyd,cydney,cynda,cyndee,cyndi,cyndia,cyndie,cyndy,cynita,cynitha,cynithia,cynnamon,cyntha,cyntheia,cynthia,cyrena,cyril,cyrstal,cyrus,cythia,cythina,cythnia,daaron,dacia,dack,dade,daena,daffney,dafna,dagan,dagmar,dagny,dagoberto,dahlia,daiana,daid,dain,daina,daine,daisey,daisy,daivd,dajuan,dajuana,dal,dala,dalana,dale,daleen,dalen,dalena,dalene,dalia,daliah,dalila,dalina,dalinda,dalisa,dallan,dallas,dalon,dalonda,dalphine,dalton,dalvin,dalynn,daman,damara,damari,damaris,damary,damarys,damean,damen,dameon,dameron,damian,damie,damien,damion,damita,damon,damond,damone,dan,dana,danae,danah,danalyn,dandra,dandre,dandrea,dane,danea,danean,danee,daneen,daneil,daneille,danel,danell,danella,danelle,danen,danene,danessa,danetta,danette,dangela,dangelo,dani,dania,danial,danica,danice,danie,daniel,daniela,daniele,daniell,daniella,danielle,danika,danille,danilo,danine,danise,danisha,danita,danja,dann,danna,danne,dannel,dannell,dannelle,dannett,dannetta,dannette,danney,danni,dannie,danniel,dannielle,dannis,danny,dano,danon,dante,danton,dany,danya,danyale,danyel,danyele,danyell,danyella,danyelle,danyl,danylle,daphane,daphanie,daphene,daphine,daphne,daphney,daphnie,daphyne,dara,darald,daralyn,daran,darbi,darbie,darby,darce,darcee,darcel,darcell,darcella,darcelle,darcey,darchelle,darci,darcia,darcie,darcy,darek,darel,darell,daren,dari,daria,darian,daric,darice,darick,dariel,darien,darik,daril,darilyn,darin,darina,darinda,dario,darion,daris,darius,darl,darla,darlean,darlee,darleen,darlena,darlene,darlinda,darline,darling,darlisa,darly,darlyn,darlyne,darlynn,darnel,darnell,darnella,darnelle,darnetta,darnette,darnice,darnise,darnita,darold,darolyn,daron,daronda,darra,darragh,darrah,darral,darrall,darran,darrel,darreld,darrell,darrelle,darren,darrett,darrian,darrick,darrie,darriel,darriell,darrien,darril,darrin,darrion,darris,darrius,darrly,darrol,darron,darrow,darry,darryl,darryle,darryll,darryn,darsha,darsi,darvin,darvis,darwin,darwyn,darya,daryel,daryl,daryle,daryll,daryn,dasha,dashawn,dathan,daughn,daun,daune,dava,dave,daved,daven,davena,davene,davetta,davette,davey,davi,davia,david,davida,davide,davie,davin,davina,davine,davis,davita,davon,davonna,davonne,davy,dawana,dawanda,dawanna,dawayne,dawn,dawna,dawne,dawnell,dawnelle,dawnetta,dawnette,dawni,dawniel,dawnielle,dawnita,dawnmarie,dawnn,dawnna,dawnne,dawnya,dawson,dax,day,dayan,dayla,dayle,daylene,daylon,daymon,daymond,dayna,dayne,dayton,de,dea,deadra,deadre,deadrick,deah,dean,deana,deanda,deandra,deandre,deandrea,deandria,deane,deangela,deangelo,deania,deanie,deanine,deann,deanna,deanne,deannette,deannie,deano,deardra,deatra,deatria,deatrice,deb,debar,debarah,debbi,debbie,debborah,debbra,debbrah,debby,debera,deberah,debi,debie,debora,deborah,deboraha,deboran,deborha,deborrah,debra,debraann,debrah,debroah,deby,decarla,decarlo,decarlos,december,dechelle,declan,dede,dedee,dedra,dedrea,dedria,dedric,dedrick,dee,deeana,deeann,deeanna,deeanne,deedee,deedra,deedre,deelynn,deena,deenna,deepak,deetra,deetta,deette,deida,deidra,deidre,deion,deirdra,deirdre,deisha,deitra,dejuan,deke,del,dela,delaina,delaine,delana,deland,delanda,delane,delaney,delania,delanie,delanna,delano,delayna,delbert,delecia,delee,delena,delene,deleon,deletha,delfin,delfina,delfino,delford,delia,deliah,delicia,delila,delilah,delina,delinda,delinia,delisa,delise,delisha,delissa,delita,dell,della,delma,delman,delmar,delmas,delmer,delmont,delois,deloise,delon,delonda,delonna,delora,delores,deloria,delories,deloris,delorise,delorse,delos,delpha,delphia,delphina,delphine,delray,delrico,delron,delroy,delsa,delsey,delsie,delta,delton,delva,delvin,delwin,delwyn,delyn,delynda,delynn,delynne,dema,demarco,demarcus,demario,demaris,demeatrice,demetra,demetress,demetreus,demetri,demetria,demetric,demetrica,demetrice,demetrick,demetricus,demetrio,demetrios,demetrious,demetris,demetrise,demetriss,demetrius,demetruis,demetrus,demi,demia,demian,demita,demitra,demitrius,demitrus,demon,demonica,demont,dempsey,dena,denae,denah,denard,denay,dene,denean,deneane,denee,deneen,deneene,deneice,deneise,denell,denelle,denene,denese,denetra,denetta,denette,deni,denia,denice,deniece,denielle,deniese,denine,denis,denisa,denise,denisha,denissa,denisse,denita,denna,dennell,dennes,dennette,dennie,dennies,dennine,dennis,dennise,dennison,denny,deno,denora,densie,denson,denton,denver,denvil,deny,denys,denyse,denzil,deon,deona,deonda,deondra,deondre,deone,deonna,deonne,dera,derald,deran,dereck,derek,dereke,derell,derenda,deresa,deric,derick,derik,derin,derina,derinda,derk,derl,dermot,deron,deronda,derone,derra,derreck,derrek,derrel,derrell,derren,derri,derric,derrich,derrick,derrik,derrill,derrin,derron,derry,derryck,derryl,dervin,derwin,derwood,deryck,deryk,deryl,desaree,desean,deserae,desere,deseree,deseri,deserie,desha,deshanna,deshannon,deshaun,deshawn,deshawna,deshon,deshonda,deshone,deshun,desi,desiderio,desirae,desire,desirea,desiree,desma,desmon,desmond,despina,desra,dessa,dessie,desta,destin,destiny,destry,detra,detria,detric,detrice,detrich,detrick,detta,dette,dev,deva,devan,devaughn,deveda,deven,devera,devere,devi,devin,devina,devita,devlin,devlyn,devon,devona,devonda,devone,devonia,devonna,devonne,devonya,devora,devorah,devra,devri,devron,dewain,dewaine,dewan,dewana,dewanda,dewane,dewanna,dewayne,dewey,dewight,dewitt,dexter,deyanira,deyon,dharma,dia,diahann,diahanna,diamantina,diamond,dian,diana,dianah,diandra,diane,diania,diann,dianna,dianne,diannia,diannie,diantha,dicie,dick,dickey,dickie,dickson,dicky,didi,diedra,diedre,diego,dierdra,dierdre,dieter,dietra,dietrich,dietrick,digna,dilia,dillard,dillon,dimas,dimitra,dimitri,dimitria,dimitrios,dimitrius,dimple,dina,dinah,dinamarie,dineen,dinese,dinita,dinneen,dino,dinora,dinorah,dion,diona,diondra,diondre,dione,dionicia,dionicio,dionisio,dionna,dionne,dirk,diron,dirrick,disa,divid,divina,dixie,dixon,djuan,djuana,djuna,dmitri,dock,dodd,dodi,dodie,dody,doel,dolan,dollie,dolly,dolores,dolphus,dolton,dom,domenic,domenica,domenick,domenico,dominga,domingo,dominic,dominica,dominick,dominique,dominque,domonic,domonick,domonique,don,dona,donahue,donal,donald,donalda,donalee,donalyn,donata,donatella,donato,donavan,donavin,donavon,donda,dondee,dondi,dondra,donel,donelda,donell,donella,donelle,donene,donetta,donette,dong,doni,donia,donica,donice,donie,doniel,donielle,donique,donis,donise,donita,donivan,donja,donn,donna,donnajean,donnald,donnalee,donnamarie,donne,donnel,donnell,donnella,donnelle,donnetta,donnette,donni,donnia,donnice,donnie,donnis,donnita,donny,donold,donovan,donovon,donta,dontae,donte,dony,donya,donyale,donyell,donyelle,donzell,donzella,dora,doral,doran,dorathy,dorcas,dorcia,dorcus,dore,dorea,doreatha,doree,doreen,doreena,doreene,doren,dorena,dorenda,dorene,doretha,dorethea,doretta,dorette,dori,doria,dorian,doriann,dorianne,dorice,dorie,dorina,dorinda,dorine,doris,dorisa,dorissa,dorita,dorla,dorlisa,dorman,dornell,doron,doroteo,dorotha,dorothea,dorothy,dorraine,dorrel,dorrie,dorris,dorsey,dortha,dorthea,dorthey,dorthy,dory,doshia,dottie,dotty,doug,douglas,douglass,dougles,doulgas,dov,dove,dovid,dovie,dow,dowell,doy,doyle,dragan,drake,drayton,dreama,drema,drena,drenda,dreux,drew,drexel,drina,drinda,dru,drucilla,drue,drusilla,duaine,duan,duana,duane,duanna,duanne,duayne,dubois,dudley,duff,duffy,duke,dulce,dulcey,dulcie,dulcy,duncan,dupree,duran,durand,durell,durinda,duron,durrell,durward,durwin,durwood,dushawn,dushon,dustan,dusten,dusti,dustie,dustin,dustine,duston,dusty,dutch,duval,duwan,duwana,duwayne,dvid,dwain,dwaine,dwan,dwana,dwanda,dwane,dwanna,dwanye,dwayn,dwayna,dwayne,dwight,dwyane,dwyne,dyan,dyana,dyane,dyann,dyanna,dyanne,dyke,dylan,dymphna,dyna,dynell,dyon,dyron,dywane,dywayne,eamon,ean,earl,earla,earle,earlean,earlene,earlie,earline,early,earnest,earnestine,earnie,eartha,earvin,easter,ebbie,eben,ebenezer,eberardo,ebon,ebony,echo,ector,ed,eda,edana,edd,edda,eddie,eddy,edelmira,edelmiro,eden,edgar,edgard,edgardo,edie,edil,edilberto,edina,edison,edith,edmon,edmond,edmund,edmundo,edna,edouard,edra,edric,edrick,edris,edsel,edson,eduard,eduardo,eduin,edvardo,edward,edwardo,edwards,edwin,edwina,edye,edythe,effie,effrey,efraim,efrain,efram,efrem,efren,egbert,ehren,ehud,eileen,eilene,eilleen,eillen,einar,el,eladio,elaina,elaine,elam,elan,elana,elanda,elane,elanie,elayna,elayne,elba,elbert,elbridge,elda,elden,elder,eldon,eldora,eldred,eldridge,eleanor,eleanora,eleanore,elease,eleazar,elecia,electra,elefteria,elena,eleni,elenita,elenor,elesa,elesha,elesia,elester,eletha,eleuterio,elex,elfreda,elgie,elgin,eli,elia,eliabeth,eliana,elias,eliasar,eliazar,elice,elicia,elida,elie,eliezer,eligio,elijah,elijio,elin,elina,elinda,elinor,elio,eliodoro,eliot,elisa,elisabeth,elisabetta,elise,eliseo,elisha,elisheva,elishia,elisia,eliska,elissa,elita,eliud,eliyahu,eliza,elizabe,elizabet,elizabeth,elizabethann,elizabth,elizbeth,elizebeth,elka,elke,ella,ellan,elleen,ellen,ellena,ellery,elli,ellice,ellie,elliot,elliott,ellis,ellisa,ellison,ellsworth,ellwood,elly,ellyn,elma,elmer,elmira,elmo,elmore,elna,elnora,elodia,elodie,elois,eloisa,eloise,elon,elona,elonda,elora,elouise,eloy,elpidio,elrick,elroy,elsa,elsbeth,elsie,elson,elspeth,elsy,elton,eluterio,elva,elvia,elvie,elvin,elvina,elvira,elvis,elwin,elwood,ely,elyce,elycia,elynn,elysa,elyse,elysia,elyssa,elza,elzie,ema,emanuel,emanuela,emanuele,ember,emelda,emelia,emelie,emely,emelyn,emerald,emerson,emery,emeterio,emidio,emil,emile,emilee,emiley,emilia,emiliano,emilie,emilio,emily,emma,emmaline,emmanuel,emmeline,emmet,emmett,emmette,emmie,emmit,emmitt,emmy,emory,emy,ena,encarnacion,endora,endre,enedelia,enedina,eneida,english,engrid,enid,enise,ennifer,ennis,enoch,enola,enos,enrica,enrico,enrigue,enrika,enrique,enriqueta,enrrique,enza,enzo,ephraim,ephriam,epifanio,equilla,era,eran,erasmo,erek,ereka,erez,eriberto,eric,erica,ericca,erice,erich,ericia,erick,ericka,ericson,erie,erik,erika,erikka,erin,erina,erinn,erle,erlene,erlinda,erline,erma,erman,ermelinda,erminia,erminio,erna,ernest,ernestina,ernestine,ernesto,ernie,ernst,erol,eron,erric,errica,errick,errin,errol,erroll,erron,erskin,erskine,ervie,ervin,erving,erwin,eryck,eryn,esau,esequiel,esmeralda,esperanza,essie,esta,esteban,estefana,estel,estela,estell,estella,estelle,ester,estevan,esteven,esther,estill,eston,estrella,estrellita,etha,ethan,ethel,ethelene,ethelyn,etienne,etta,eudora,eufemia,eugena,eugene,eugenia,eugenie,eugenio,eugina,eula,eulalia,eulalio,eulanda,eulogio,eulonda,eun,eunice,euphemia,eureka,eusebio,eustacia,eva,evalyn,evamarie,evan,evana,evander,evangela,evangelia,evangelina,evangeline,evangelos,evanna,evans,evaristo,eve,evelena,evelia,evelin,evelina,eveline,evelio,evelyn,evelyne,evelynn,everardo,everett,everette,everitt,evert,evet,evett,evetta,evette,evie,evin,evita,evlyn,evon,evonda,evonne,evy,ewa,eward,ewart,ewell,excell,exie,eyal,eydie,eyvette,eyvonne,ezekiel,ezell,ezequiel,ezra,ezzard,fabian,fabiana,fabienne,fabio,fabiola,faedra,faith,faithe,falecia,falicia,falisa,falisha,famous,fannie,fanny,fara,farah,faren,farida,faris,farley,faron,farrel,farrell,farren,farris,farron,fate,fatima,fatimah,fatina,faustina,faustino,fausto,faviola,fawn,fay,faydra,faye,fayetta,fayette,faythe,fe,federico,fedora,felcia,felecia,feleica,felesia,feliberto,felica,felice,felicha,felicia,feliciana,feliciano,felicita,felicitas,felicity,felipa,felipe,felisa,felise,felisha,felishia,felisia,felissa,felita,felix,feliz,fellicia,felton,fenton,ferdinand,ferdinando,ferlando,ferlin,ferman,fermin,fermina,fern,fernado,fernand,fernanda,fernandez,fernando,fernie,ferrell,ferris,fidel,fidencio,fifi,filbert,filemon,filiberto,filimon,filippo,filomena,fina,finis,finley,finn,fiona,fitzgerald,flavia,flavio,flecia,fleming,fleshia,fletcher,flint,flor,flora,florance,florence,florencia,florencio,florenda,florene,florentino,floretta,floria,florian,florida,florina,florinda,florine,florita,flossie,floyd,flynn,fonda,fontaine,fontella,ford,forest,forrest,fortino,fortunato,foster,fotini,fotios,foy,fran,franca,france,francelia,francella,francellia,francena,francene,francenia,frances,francesca,francesco,francetta,franchell,franchelle,franchesca,francheska,franchette,franchot,franci,francie,francina,francine,francis,francisca,francisco,franciso,franco,francois,francoise,francy,frank,franki,frankie,franklin,franklyn,franky,fransico,fransisco,frantz,franz,frazier,fred,freda,fredda,freddie,freddrick,freddy,frederic,frederica,frederich,frederick,fredericka,frederico,frederik,fredia,fredie,fredric,fredrica,fredrich,fredrick,fredricka,fredrik,fredrika,fredy,freeda,freeman,freida,french,freya,frida,frieda,friedrich,fritz,froilan,fulton,furman,furnell,gabby,gabe,gabi,gabino,gabor,gabriel,gabriela,gabriele,gabriella,gabrielle,gael,gaetana,gaetano,gage,gail,gaila,gaile,gaines,gala,galadriel,gale,galen,galo,galvin,gamal,gamaliel,gannon,gar,gara,garcia,gardner,gared,garen,garet,gareth,garett,garey,garfield,gari,garin,garla,garlan,garland,garner,garnet,garnett,garnetta,garnette,garold,garon,garren,garret,garreth,garrett,garrick,garrison,garron,garry,garth,garvin,gary,gaspar,gaspare,gaston,gavin,gavino,gawain,gay,gaye,gayl,gayla,gaylan,gayland,gayle,gaylee,gayleen,gaylen,gaylene,gaylon,gaylord,gaylyn,gaylynn,gayna,gaynell,gaynelle,gean,geana,geanie,geanine,geanna,geannie,gearld,gearldine,geary,geeta,geffrey,gegory,gelinda,gema,gemini,gemma,gen,gena,genaro,gene,genea,genean,genee,geneen,geneieve,genell,genelle,genene,genera,general,genese,genesis,genetta,genette,geneva,genevia,genevie,genevieve,genevra,geni,genia,genice,genie,geniene,genine,genise,genna,gennaro,gennie,gennifer,genny,geno,genoveva,gentry,geof,geoff,geoffery,geoffrey,geoffry,geordie,georg,georgana,georgann,georganna,georganne,george,georgeann,georgeanna,georgeanne,georgena,georgene,georges,georgetta,georgette,georgi,georgia,georgian,georgiana,georgiann,georgianna,georgianne,georgie,georgina,georgine,georginia,gerad,gerado,gerald,geraldina,geraldine,geraldo,geralyn,geralynn,gerard,gerardo,gergory,gerhard,gerhardt,geri,geriann,gerilyn,gerilynn,gerise,gerldine,germaine,german,gerod,geroge,gerold,gerome,geron,geronimo,gerrald,gerri,gerrick,gerrie,gerrilyn,gerrit,gerrod,gerry,gershon,gertrude,gery,geza,ghana,ghislaine,gia,giacinto,giacomo,gian,giana,giancarlo,gianna,gianni,gibson,gideon,gidget,gidgett,gifford,gigi,gil,gila,gilad,gilbert,gilberto,gilda,gildardo,giles,gilford,gill,gillermo,gillian,gilman,gilmer,gina,ginamarie,ginelle,ginette,ginevra,ginger,gini,ginia,ginna,ginnie,ginny,gino,gioia,giovanna,giovanni,girard,gisel,gisela,giselda,gisele,gisella,giselle,gisselle,gita,giulia,giuliana,giulio,giuseppe,giuseppina,gizelle,glade,gladis,glady,gladys,glee,gleen,glen,glena,glenda,glendell,glendon,glendora,glenis,glenn,glenna,glennda,glennette,glennis,glennon,glenwood,glenys,glinda,glori,gloria,gloriann,glorie,glory,glyn,glynda,glynis,glynn,glynna,glynnis,godfrey,goeffrey,goerge,golda,golden,goldie,gonzalo,gordan,gorden,gordon,gorge,gorje,grabiel,grace,graceann,gracia,graciano,gracie,graciela,grady,graeme,grafton,graham,graig,grainne,granger,grant,granville,grasha,gray,grayce,graydon,grayson,graziella,greagory,greer,greg,gregary,gregery,gregg,greggory,gregor,gregorey,gregoria,gregorio,gregory,gregrey,gregroy,greig,greogry,greta,gretchen,gretel,gretta,grey,greyson,gricel,gricelda,griffin,griffith,grisel,griselda,grisell,griselle,grizelda,grover,guadalupe,guenevere,guido,guillermina,guillermo,guinevere,guiseppe,gunnar,gunther,gurney,gus,guss,gussie,gust,gustav,gustave,gustavo,gustavus,guy,guyla,guyton,gwen,gwenda,gwendalyn,gwendelyn,gwendlyn,gwendolen,gwendolin,gwendolyn,gwendolynn,gwenetta,gwenette,gwenevere,gwenn,gwyn,gwyndolyn,gwyneth,gwynn,gwynne,gypsy,hadley,haidee,haig,hailey,hakim,hal,hala,halbert,hale,haley,hali,halina,halle,halley,halli,hallie,hally,hamilton,hamp,hampton,han,hana,hank,hanna,hannah,hannibal,hanns,hans,hansel,happy,hara,haralambos,harald,hardie,hardin,harding,hardy,harlan,harland,harlen,harlene,harles,harless,harley,harlin,harlon,harlow,harlyn,harman,harmon,harmony,harold,harolyn,haron,harper,harrel,harrell,harriet,harriett,harriette,harris,harrison,harry,hartley,harvey,hasan,haskel,haskell,hassan,hasson,hattie,haven,haydee,hayden,hayes,hayley,hayward,haywood,hazel,heath,heather,heber,hebert,hector,hedie,hedy,heide,heidee,heidemarie,heidi,heidie,heidy,heike,heiko,heinrich,heinz,heith,helaine,helen,helena,helene,helga,hellen,hellena,helmut,helyn,henderson,hendrick,hendrik,henery,henretta,henri,henrietta,henrik,henry,henryetta,henson,herb,herbert,herbie,herby,hercules,heriberto,herlinda,herman,hermann,hermelinda,hermena,hermes,hermilo,herminia,herminio,hermon,hernan,hernando,herold,heron,herschel,herschell,hersey,hershel,hershell,hester,hether,hettie,hewitt,heyward,hezekiah,hiawatha,hiede,hiedi,higinio,hilari,hilarie,hilario,hilary,hilbert,hilda,hilde,hillard,hillary,hillel,hillery,hilliard,hilton,hinda,hindy,hipolito,hiram,hiran,hiroshi,hobart,hobert,holden,holland,hollee,holley,holli,hollianne,hollie,hollis,holly,hollyann,hollyanne,hollye,homer,homero,honey,honor,honora,hope,horace,horacio,horatio,hortencia,hortense,hortensia,hosea,hosie,houston,howard,howell,howie,hoy,hoyt,hubert,hud,hudson,huey,hugh,hughes,hughie,hugo,hulon,humberto,humphrey,hunter,hurley,huston,hyland,hyman,iain,ian,ibrahim,ichael,ichelle,ida,idalia,idell,idella,idolina,ifetayo,ignacio,ignatius,ike,ila,ilan,ilana,ilda,ildiko,ileana,ileen,ileene,ilena,ilene,ilia,iliana,ilisa,ilka,illa,illiana,illya,ilona,ilsa,ilse,ilya,ilysa,ilyse,ilyssa,ima,imari,imberly,imelda,immanuel,imogene,imre,ina,inda,india,indira,indra,indu,inelda,inell,ines,inetta,inez,inga,inge,ingeborg,inger,ingra,ingred,ingrid,inocencio,iola,ion,iona,ione,ira,iraida,iran,irasema,irby,irena,irene,iretha,irfan,irina,iris,irish,irl,irma,irven,irvin,irvine,irving,irwin,isa,isaac,isabel,isabell,isabella,isabelle,isadora,isadore,isaiah,isaias,isaura,isauro,isela,isham,ishmael,ishmeal,isiah,isidore,isidoro,isidro,ismael,israel,isreal,issa,issac,istvan,italia,italo,iva,ivan,ivana,ivar,ivelise,ivelisse,ivery,ivett,ivette,ivey,ivie,ivis,ivo,ivon,ivone,ivonne,ivor,ivory,ivy,izola,jac,jacalyn,jace,jacelyn,jacey,jaci,jacie,jacinda,jacinta,jacinto,jack,jackeline,jackelyn,jackey,jacki,jackie,jacklin,jackline,jacklyn,jacklynn,jackqueline,jackquelyn,jackquline,jackson,jacky,jaclyn,jaclynn,jacob,jacobo,jacqeline,jacqualine,jacqualyn,jacque,jacquel,jacquelene,jacquelin,jacquelina,jacqueline,jacquelyn,jacquelyne,jacquelynn,jacquelynne,jacques,jacquetta,jacquette,jacqui,jacquie,jacquiline,jacquilyn,jacquita,jacqulin,jacquline,jacqulyn,jacy,jad,jada,jade,jadeen,jadine,jae,jael,jaeson,jahmal,jahn,jai,jaime,jaimee,jaimes,jaimi,jaimie,jairo,jaison,jake,jakie,jakki,jalayne,jalene,jalynn,jama,jamahl,jamal,jamall,jamar,jame,jamee,jameelah,jameison,jamel,jamela,jamelle,jamene,jamerson,james,jamesetta,jamesina,jameson,jametta,jamey,jami,jamia,jamie,jamiel,jamieson,jamil,jamila,jamilah,jamillah,jamilyn,jamin,jamine,jamison,jammie,jammy,jamon,jamy,jamye,jan,jana,janae,janai,janalee,janalyn,janan,janann,janay,janda,jane,janeal,janean,janeane,janeann,janece,janee,janeece,janeen,janeene,janel,janele,janell,janella,janelle,janene,janes,janese,janessa,janet,janeth,janett,janetta,janette,janey,jani,jania,janice,janie,janiece,janielle,janiene,janin,janina,janine,janis,janise,janita,janmarie,jann,janna,jannell,jannelle,jannet,jannett,jannetta,jannette,jannice,jannie,jannifer,jannine,janny,janos,jansen,janson,january,janus,janya,janyce,jaquelin,jaqueline,jaquelyn,jaquetta,jara,jarad,jared,jaren,jaret,jarett,jari,jarita,jarod,jaron,jaroslaw,jarrad,jarred,jarrel,jarrell,jarret,jarrett,jarrette,jarrod,jarry,jarvis,jary,jase,jasen,jasin,jasmin,jasmine,jason,jasper,jasson,jaun,jaunice,jaunita,java,javan,javiar,javiel,javier,javis,javon,javonna,javonne,jawana,jay,jaya,jayda,jaydee,jaye,jaylene,jaylyn,jaylynn,jayma,jayme,jaymee,jaymes,jaymi,jaymie,jayna,jayne,jaynee,jaysen,jayson,jazette,jb,jc,jd,jean,jeana,jeanann,jeananne,jeane,jeanean,jeanee,jeaneen,jeanel,jeanell,jeanelle,jeanene,jeanenne,jeanett,jeanetta,jeanette,jeani,jeania,jeanice,jeanie,jeaniene,jeanina,jeanine,jeaninne,jeanise,jeanita,jeanmarie,jeanna,jeanne,jeannee,jeannemarie,jeannene,jeannet,jeannett,jeannetta,jeannette,jeanni,jeannia,jeannie,jeannine,jeanny,jeanpaul,jeanpierre,jearl,jearld,jeb,jed,jedd,jef,jeff,jefferey,jefferie,jefferson,jeffery,jeffey,jeffory,jeffre,jeffrery,jeffrey,jeffrie,jeffry,jefrey,jelaine,jelena,jem,jemal,jemel,jemima,jen,jena,jenae,jenai,jene,jenean,jeneane,jeneanne,jenee,jeneen,jeneene,jenefer,jenel,jenell,jenelle,jenene,jenese,jenetta,jenette,jeneva,jeni,jenia,jenice,jenifer,jeniffer,jenine,jenipher,jenise,jenita,jenitha,jenna,jennafer,jennefer,jennel,jennell,jennene,jennett,jennetta,jennette,jennfier,jenni,jennice,jennie,jennier,jennife,jennifer,jenniffer,jennifier,jennilyn,jennine,jennings,jennipher,jenniver,jenny,jennye,jennyfer,jeno,jens,jensen,jera,jerad,jeral,jerald,jeraldine,jeralyn,jeramie,jeramy,jeran,jerard,jerardo,jere,jered,jerel,jereld,jerelyn,jereme,jeremey,jeremi,jeremiah,jeremias,jeremie,jeremy,jeret,jerhonda,jeri,jeriann,jerianne,jerid,jerie,jerilee,jerilyn,jerilynn,jerimy,jerl,jerlyn,jermaine,jermal,jermel,jermey,jerod,jerold,jerolyn,jerome,jeromie,jeromy,jeron,jeronda,jerone,jeronimo,jerra,jerrad,jerral,jerrald,jerre,jerrel,jerrell,jerret,jerrett,jerri,jerrid,jerrie,jerrilyn,jerrilynn,jerrod,jerrold,jerry,jerryl,jerusha,jervis,jery,jeryl,jesica,jess,jessamyn,jesse,jessee,jessi,jessica,jessie,jesslyn,jessy,jestine,jesus,jesusa,jesusita,jetaun,jethro,jetta,jettie,jevon,jewel,jewell,jhon,ji,jia,jihad,jil,jileen,jill,jillaine,jillana,jillane,jillanne,jillayne,jilleen,jillene,jillian,jillyn,jillynn,jim,jimi,jimie,jimma,jimmey,jimmie,jimmy,jina,jinger,jini,jinnie,jinnifer,jinny,jo,joachim,joan,joana,joane,joanette,joani,joanie,joann,joanna,joanne,joannie,joao,joaquin,joaquina,job,jobe,joby,jocelin,jocelyn,jocelyne,jocelynn,jock,joclyn,jocqueline,joddie,jode,jodean,jodee,jodeen,jodel,jodell,jodelle,jodene,jodette,jodey,jodi,jodiann,jodie,jodilynn,jodine,jody,jodye,joe,joeann,joedy,joel,joele,joelee,joelene,joeli,joell,joella,joelle,joellen,joellyn,joely,joelyn,joelynn,joeph,joeseph,joesette,joesph,joetta,joette,joey,joffrey,joh,johan,johana,johann,johanna,johannah,johanne,johannes,johathan,john,johna,johnathan,johnathon,johnda,johndavid,johnell,johnelle,johnene,johnetta,johnette,johney,johnice,johnie,johnine,johnita,johnmichael,johnn,johnna,johnnetta,johnney,johnni,johnnie,johnny,johnpaul,johnson,johnthan,johny,joi,joice,joie,jojo,jolaine,jolana,jolanda,jolane,jolayne,jolee,joleen,joleene,jolena,jolene,joletta,jolette,joley,joli,jolie,jolin,jolinda,joline,jolyn,jolyne,jolynn,jolynne,jomarie,jomo,jon,jona,jonah,jonalyn,jonas,jonathan,jonathen,jonathon,jonda,jondavid,jonel,jonell,jonelle,jones,jonetta,jonette,joni,jonica,jonie,jonita,jonn,jonna,jonnetta,jonnette,jonni,jonnie,jonny,jonothan,jonpaul,jonthan,jordan,jordana,jorden,jordi,jordon,jordy,jorene,joretta,jorge,jorgen,jori,jorie,jorje,jory,josalyn,joscelyn,jose,josef,josefa,josefina,joselito,joselle,joseluis,joselyn,joseph,josephina,josephine,josephus,josetta,josette,josey,josh,joshlyn,joshua,joshuah,josi,josiah,josie,joslin,joslyn,jospeh,josph,josphe,jossette,josue,jotham,jovanna,jovita,jowanna,joy,joya,joyann,joyanne,joyce,joycelyn,joycelynn,joyclyn,joye,joylene,joylyn,joylynn,jozette,jozsef,jr,jsoeph,juan,juana,juancarlos,juanetta,juanette,juanita,juanito,juanna,juaquin,juba,jubal,jud,judah,judas,judd,jude,judee,judeth,judge,judi,judie,judith,judithann,judson,judy,judyth,juergen,juila,juile,julaine,julann,julanne,jule,julea,julee,juleen,julene,jules,juley,juli,julia,julian,juliana,juliane,juliann,julianna,julianne,julie,julieann,julieanna,julieanne,julien,juliene,julienne,juliet,julieta,julietta,juliette,julio,julisa,julissa,julius,jull,jullie,julliette,july,jun,juna,june,junior,juniper,junita,junius,junko,justen,justice,justin,justina,justine,justino,justo,juston,justus,juvenal,juventino,jyl,kaare,kaaren,kaari,kaarin,kacey,kaci,kacie,kacy,kade,kadijah,kae,kael,kahlil,kai,kaia,kaila,kaj,kajuana,kal,kala,kalani,kale,kalee,kaleen,kalen,kalena,kaley,kali,kalie,kalin,kalina,kallie,kally,kalman,kalpana,kalvin,kalyn,kalynn,kam,kama,kamal,kamala,kamara,kambra,kambria,kamela,kameron,kami,kamie,kamila,kamilla,kamille,kamla,kammi,kammie,kammy,kamron,kanda,kandace,kandee,kandi,kandice,kandie,kandis,kandra,kandy,kandyce,kane,kanitra,kaori,kara,karalee,karalyn,karan,karee,kareen,karel,karen,karena,karenann,karene,karey,kari,karia,kariann,karianne,karie,karilyn,karilynn,karim,karima,karin,karina,karine,karis,karisa,karissa,karl,karla,karleen,karlene,karletta,karli,karlin,karlos,karlton,karlyn,karma,karman,karmel,karmen,karmin,karmon,karna,karne,karol,karole,karolee,karoline,karolyn,karolynn,karon,karra,karren,karri,karrie,karriem,karrin,karron,karry,karsten,kary,karyl,karyn,kasandra,kasaundra,kasey,kash,kasha,kasi,kasie,kasondra,kassandra,kassie,katanya,katarina,kate,kateri,katerina,katerine,katey,katha,kathaleen,kathalene,katharin,katharina,katharine,katharyn,kathe,katheleen,katherin,katherina,katherine,kathern,katheryn,katheryne,kathey,kathi,kathie,kathleen,kathleene,kathlena,kathlene,kathline,kathlyn,kathren,kathrin,kathrina,kathrine,kathryn,kathryne,kathy,kathyann,kathye,kathyjo,kathyrn,kati,katia,katie,katina,katja,katonia,katonya,katrece,katrena,katrenia,katrice,katricia,katrin,katrina,katrine,katrinia,katrinka,katrinna,katryn,katryna,kattie,katura,katy,katya,kava,kavan,kaven,kavin,kavita,kawana,kawanda,kay,kaya,kayce,kaycee,kaye,kayla,kayle,kaylee,kayleen,kaylene,kaylin,kaylyn,kaylynn,kayren,kc,kea,keala,kean,keane,keara,kearney,keary,keasha,keba,kechia,kecia,kedra,kedric,kedrick,kedron,kee,keefe,keegan,keela,keeley,keeli,keelie,keely,keena,keenan,keenya,keesha,keeva,keevin,keiko,keil,keila,keily,keir,keira,keirsten,keisa,keisha,keishia,keita,keith,keitha,kel,kela,kelby,kelcey,kelda,keldon,kelee,keleigh,kelene,keli,kelia,kelie,kelita,kell,kella,kelle,kellea,kellee,kelleen,kellei,kelleigh,kellen,kellene,kelley,kelli,kelliann,kellianne,kellie,kellieann,kellis,kelly,kellyann,kellyanne,kellye,kellyjo,kelsey,kelsi,kelsie,kelton,kelvin,kelwin,kem,kema,kemberly,kemp,ken,kena,kenan,kenard,kenda,kendal,kendale,kendall,kendel,kendell,kenderick,kendi,kendis,kendon,kendra,kendric,kendrick,kendy,keneth,keni,kenia,kenita,kenith,kenja,kenji,kenley,kenn,kenna,kennan,kennard,kennedy,kenneith,kenneth,kennetha,kennetta,kennette,kenney,kenni,kennie,kennieth,kennis,kennith,kennon,kennth,kenny,kenric,kenrick,kent,kenton,kenya,kenyatta,kenyetta,kenyon,keoki,keone,keoni,kera,kerby,keren,kerensa,keri,keriann,keric,kerie,kerilyn,kerim,kerin,kerith,kermit,kermitt,kerra,kerre,kerren,kerri,kerriann,kerrianne,kerrick,kerrie,kerrilyn,kerrin,kerry,kerryann,kerryn,kersten,kersti,kerstin,kert,kervin,kerwin,kery,keryn,kesa,kesha,keshia,kesia,keta,ketih,ketra,ketsy,ketty,keturah,keva,kevan,keven,kevin,kevon,kevyn,keya,keyla,keyna,keysha,kezia,khadija,khadijah,khaled,khalid,khalil,khan,khris,khristi,khristian,khristie,khristina,khristine,khristopher,khristy,ki,kia,kiana,kiara,kiely,kier,kiera,kieran,kiernan,kieron,kiersten,kierstin,kiesha,kieth,kiki,kila,kile,kileen,kiley,kim,kima,kimako,kimala,kimani,kimara,kimarie,kimball,kimbelry,kimbely,kimber,kimberely,kimberl,kimberla,kimberle,kimberlea,kimberlee,kimberleigh,kimberley,kimberli,kimberlie,kimberlin,kimberly,kimberlyann,kimberlyn,kimberlynn,kimbery,kimble,kimbler,kimblery,kimbley,kimbra,kimbrely,kimela,kimerly,kimi,kimie,kimiko,kimla,kimley,kimm,kimmarie,kimmberly,kimmi,kimmie,kimmy,kimo,kimothy,kimyatta,kimyetta,kina,kinberly,kindra,king,kingsley,kinney,kino,kinya,kip,kipley,kipling,kipp,kipper,kippi,kippy,kira,kirby,kirk,kirkland,kirsta,kirsten,kirsti,kirstie,kirstin,kirstina,kirstine,kirsty,kirt,kisa,kischa,kisha,kishia,kisten,kit,kita,kitrina,kitt,kitten,kitti,kittie,kitty,kiva,kiven,kjell,kjersti,klara,klaus,klay,kline,klint,klinton,knute,kobi,koby,kody,kole,koleen,kolette,kolin,kolleen,koni,konni,konnie,konrad,konstantinos,kord,koreen,koren,korena,korene,korey,kori,korie,korin,korina,korine,korinna,korri,korrin,korrina,korry,kortney,kory,kostas,kourtney,kraig,kreg,kregg,kris,krisa,krisan,krisann,krisanne,krisha,krishna,krisi,kriss,krissa,krissi,krissie,krissy,krist,krista,kristal,kristan,kriste,kristee,kristeen,kristel,kristen,kristena,kristene,kristi,kristia,kristian,kristiana,kristiane,kristiann,kristianna,kristianne,kristie,kristien,kristin,kristina,kristine,kristl,kristle,kristofer,kristoffer,kristol,kriston,kristopher,kristy,kristyn,kristyna,kristyne,krys,krysta,krystal,krysten,krysti,krystin,krystina,krystine,krystle,krystn,krystyn,krystyna,kurk,kurt,kurtis,kurtiss,kwame,kwan,ky,kye,kyla,kylan,kyle,kylee,kyleen,kyler,kylie,kym,kymberlee,kymberley,kymberli,kymberly,kyna,kyndal,kyndra,kyoko,kyra,kyrie,kyron,kysha,kyung,la,labarron,labron,lace,lacee,lacey,lachanda,lachandra,lachele,lachell,lachelle,lacheryl,lachon,lachone,laci,lacie,lacinda,laconda,laconya,lacrecia,lacresha,lacresia,lacretia,lacrisha,lacy,lacynda,ladana,ladawn,ladawna,ladd,laddie,ladeana,ladell,ladena,ladina,ladon,ladona,ladonia,ladonna,ladonnia,ladonya,ladora,ladoris,lady,lael,lafawn,lafayette,lafonda,lafrance,lafreda,lagina,lagretta,lahna,lahoma,laila,laina,laine,lainie,laird,laith,lajean,lajeana,lajoyce,lajuan,lajuana,lajuanna,lajune,lakeisha,lakeith,lakeitha,lakenya,lakesha,lakeshia,laketa,lakisha,lakita,lalainia,lalani,lalania,lalanya,lalena,lalisa,lalita,lalitha,lalonnie,lamanda,lamar,lamark,lamarr,lamart,lambert,lamoine,lamon,lamona,lamond,lamone,lamonica,lamont,lamonte,lamount,lana,lanae,lance,lancer,landa,landee,landen,landis,landon,landra,landry,lane,lanea,lanee,lanel,lanell,lanelle,lanese,lanessa,lanett,lanetta,lanette,laney,lang,langdon,langston,lani,lanie,laniece,lanier,lanisa,lanise,lanissa,lanita,lann,lanna,lannette,lannie,lanny,lanora,lanore,lansing,lantz,lany,laquanda,laqueta,laquetta,laquisha,laquita,laquitta,lara,larae,laraine,laray,laree,lareese,lareina,larell,laren,larena,larence,larenda,larenzo,laresa,larhonda,lari,larie,larina,larinda,larisa,larissa,larita,lark,larkin,larnell,laroi,laron,laronda,larone,laronna,larosa,laroy,larra,larraine,larrell,larri,larrie,larrisa,larry,lars,larson,larua,larue,lary,laryssa,lasalle,lasandra,lasaundra,lasean,lashae,lashan,lashana,lashanda,lashandra,lashane,lashann,lashanna,lasharn,lasharon,lashaun,lashauna,lashaunda,lashaundra,lashaune,lashawn,lashawna,lashawnda,lashay,lashea,lashel,lashell,lashelle,lashon,lashona,lashonda,lashondra,lashone,lashonn,lashonna,lashonne,lashun,lashuna,lashunda,lashundra,lashune,lasonda,lasondra,lasonia,lasonja,lasonya,laszlo,latacha,latanga,latania,latanja,latanya,latanza,latara,latarsha,latascha,latasha,latashia,latayna,lateasha,latecia,lateef,latesa,latesha,latesia,latetia,lathan,laticia,latifa,latina,latisa,latisha,latishia,latita,latitia,latona,latonda,latonga,latongia,latonia,latonja,latonnia,latonya,latonyia,latosha,latoshia,latoya,latoyia,latoyna,latrease,latrece,latrecia,latreece,latreese,latrell,latrelle,latrena,latrenda,latresa,latrese,latresha,latressa,latrica,latrice,latricia,latrina,latrinda,latrisa,latrise,latrisha,latroy,latunya,launa,launie,laura,lauraann,lauraine,laural,lauralee,lauralyn,lauran,laurance,lauranne,laure,lauree,laureen,laurel,laurell,laurelle,lauren,laurena,laurence,laurenda,laurene,laurent,lauretta,laurette,laurey,lauri,lauria,lauriann,laurianne,laurice,laurie,laurieann,laurin,laurinda,laurine,laurisa,laurissa,laurita,laurna,lauro,laurrie,laury,lauryn,lavada,laval,lavance,lavanda,lavania,lavaughn,laveda,lavell,lavella,lavelle,lavena,lavenda,lavenia,lavera,lavern,laverna,laverne,lavert,laveta,lavett,lavetta,lavette,lavida,lavina,lavinia,lavita,lavon,lavona,lavonda,lavone,lavonia,lavonna,lavonne,lavonya,lavora,lavren,lawan,lawana,lawanda,lawanna,lawayne,lawerance,lawerence,lawernce,lawonda,lawrance,lawren,lawrence,lawrene,lawrie,lawson,lawton,laya,layla,laymon,laymond,layna,layne,layton,lazara,lazaro,lazarus,lazetta,lazette,le,lea,leaann,leaanne,leah,leaha,leamon,leamond,lean,leana,leander,leandra,leandre,leandrea,leandrew,leandro,leane,leangela,leann,leanna,leanne,leanor,leanora,leasa,leasha,leatha,leatrice,lechelle,lecia,leda,ledell,lee,leea,leean,leeann,leeanna,leeanne,leela,leeland,leena,leeroy,leesa,leesha,leeta,leeza,lefty,legina,lehua,lei,leia,leiann,leianne,leida,leif,leigh,leigha,leighan,leighann,leighanne,leighton,leila,leilani,leimomi,leisa,leisel,leisha,leisl,leith,leitha,lejon,lela,lelah,lelan,lelana,leland,lelania,lelanya,lelia,lem,lemar,lemon,lemont,lemuel,len,lena,lenae,lenard,lendell,lene,lenea,lenee,lenell,lenetta,lenette,leni,lenice,lenise,lenita,lenn,lenna,lennard,lennell,lennette,lennie,lennis,lennon,lennox,lenny,lenoard,lenon,lenor,lenora,lenord,lenore,lenwood,lenzy,leo,leobardo,leodis,leola,leon,leona,leonard,leonarda,leonardo,leonce,leoncio,leonda,leondra,leone,leonel,leonetta,leonette,leonia,leonidas,leonides,leonie,leonna,leonor,leonora,leonore,leontine,leontyne,leopold,leopoldo,leora,leota,leotis,lequita,lera,leroi,leron,leronda,lerone,leroy,lerry,les,lesa,lesean,lesha,leshawn,leshay,leshell,leshia,leshon,leshonda,lesia,lesile,lesle,leslea,leslee,lesleigh,lesley,lesli,leslie,lesly,leslye,leslyn,lessa,lessie,lester,leta,letcher,letecia,letetia,letha,lethaniel,lethia,letica,leticia,letina,letisa,letisha,letishia,letisia,letitia,letizia,letonia,letonya,letrice,letricia,lettice,letticia,lettie,letty,lety,leva,levan,levell,levelle,levern,leverne,levert,levester,levetta,levette,levi,levin,levita,levon,levone,levonne,levy,lew,lewanda,lewis,lex,lexa,lexi,lexie,leya,leyla,leza,lezlee,lezley,lezli,lezlie,lia,liam,liana,liandro,liane,liann,lianna,lianne,libbie,libby,librado,licette,lichelle,licia,lida,lidia,lief,liesa,liese,liesel,liesl,ligaya,lige,ligia,liisa,lila,lilah,lili,lilia,lilian,liliana,lilla,lilli,lillia,lilliam,lillian,lilliana,lillie,lilly,lily,lin,lina,linc,lincoln,linda,lindee,lindel,lindell,linden,lindi,lindia,lindsay,lindsey,lindy,linell,linetta,linette,linford,link,linley,linn,linnae,linnea,linnette,linnie,lino,linsey,linton,linus,linwood,linzy,lionel,lionell,lior,lis,lisa,lisaann,lisabeth,lisamarie,lisandra,lisanne,lisbeth,lise,lisel,liset,lisette,lisha,lisia,lissa,lisset,lissete,lissett,lissette,liston,lita,liticia,lititia,little,liv,livia,liz,liza,lizabeth,lizann,lizanne,lizbeth,lizette,lizza,lizzette,lizzie,llewellyn,lloyd,llyod,loann,locke,logan,lohoma,loida,lois,lola,lolanda,loleta,loletha,loletta,lolita,lolitha,lolly,loma,lomar,lon,lona,londa,londell,london,lonell,lonetta,lonette,loni,lonie,lonita,lonn,lonna,lonnell,lonnetta,lonnette,lonney,lonni,lonnie,lonny,lonya,lonzetta,lonzo,lora,lorain,loraine,loralee,loralie,loralyn,loran,lorance,loranda,lorann,loranzo,lorayne,lore,loredana,loree,loreen,loreene,lorelei,loreli,lorelie,lorelle,loren,lorena,lorence,lorenda,lorene,lorenso,lorenza,lorenzo,loresa,loreta,loretha,loretta,lorette,lorey,lori,loria,lorian,loriane,loriann,lorianne,lorice,lorie,lorieann,lorien,lorilee,lorilei,lorilyn,lorilynn,lorin,lorina,lorinda,lorine,loring,loris,lorisa,lorissa,lorita,lorn,lorna,lorne,loronda,lorra,lorrain,lorraina,lorraine,lorre,lorren,lorrene,lorretta,lorri,lorriane,lorriann,lorrie,lorrin,lorrinda,lorrine,lorry,lory,lottie,lou,louann,louanna,louanne,loucinda,louella,louellen,louetta,louie,louis,louisa,louise,loura,lourdes,louri,lourie,louvenia,louwana,love,lovell,lovella,lovetta,lovette,lovey,lovie,lovina,lowanda,lowell,lowery,lowry,loy,loyal,loyce,loyd,loyda,loye,ltanya,ltonya,lu,luan,luana,luann,luanna,luanne,luba,luca,lucas,lucecita,lucero,lucesita,lucette,luci,lucia,lucian,luciana,luciann,lucianna,lucianne,luciano,lucie,lucien,lucienne,lucila,lucile,lucilla,lucille,lucina,lucinda,lucindy,lucio,lucious,lucius,lucky,lucrecia,lucretia,lucus,lucy,ludivina,ludwig,lue,luella,lugene,lugenia,luigi,luis,luisa,luiz,lukas,luke,lula,lulu,luna,lupe,lupita,lura,lurdes,luretha,lurinda,lurleen,lus,luther,lutricia,luvenia,luwana,luwanda,luwanna,luz,lya,lyda,lydell,lydia,lyla,lyle,lyman,lyn,lyna,lynae,lynann,lynanne,lynda,lyndale,lynde,lyndee,lyndel,lyndell,lyndi,lyndia,lyndon,lyndsey,lyndy,lynea,lynee,lynell,lynelle,lynett,lynetta,lynette,lynita,lynley,lynn,lynna,lynnae,lynnann,lynnanne,lynnda,lynne,lynnea,lynnel,lynnell,lynnelle,lynnet,lynnett,lynnetta,lynnette,lynnie,lynnmarie,lynora,lynsey,lynwood,lyon,lyonel,lysa,lysandra,lysette,lyssa,lyzette,mabel,mable,mac,macario,macarthur,mace,maceo,macey,machael,macheal,machel,machele,machell,machella,machelle,macie,mack,mackey,mackie,macon,macy,madalena,madaline,madalyn,maddalena,madelaine,madeleine,madelene,madelin,madelina,madeline,madelon,madelyn,madelyne,madge,madison,madlyn,madonna,mae,maeve,magali,magaly,magaret,magda,magdalen,magdalena,magdalene,magdaleno,magdaline,magdeline,maggie,magnolia,maha,mahala,mahalia,mahealani,maher,mahlon,mahmoud,mai,maia,maida,maile,maira,maisha,maisie,maite,maja,major,majorie,makeba,makeda,mal,mala,malachi,malaika,malana,malanie,malcolm,malcom,male,malea,malena,malene,malia,malik,malika,malikah,malin,malina,malinda,malisa,malisha,malisia,malissa,malissia,malka,mallie,mallisa,mallory,malvin,malvina,malynda,mamie,mammie,manal,manda,mandana,mandee,mandel,mandell,mandi,mandie,mando,mandy,manette,manford,manfred,manish,manisha,manley,mannie,manning,mannix,manny,manoj,manolito,manon,manson,manual,manuel,manuela,manuelita,manuelito,manya,mar,mara,marah,maralee,maralyn,maranda,marc,marca,marce,marcea,marcee,marcel,marcela,marcelene,marcelina,marceline,marcelino,marcell,marcella,marcelle,marcellina,marcelline,marcello,marcellous,marcellus,marcelo,marcelyn,marcena,marcene,marcey,march,marchel,marchele,marchell,marchella,marchelle,marchita,marci,marcia,marcial,marcianne,marciano,marcie,marcina,marcinda,marcine,marcita,marck,marco,marcos,marcus,marcy,mardee,mardell,mardi,mardina,mardy,mare,marea,maree,marek,marelin,marella,marelyn,maren,marena,marenda,mareo,maresa,maret,maretta,marga,margaret,margareta,margarete,margarett,margaretta,margarette,margarita,margarite,margarito,marge,margee,margeret,margert,margery,margherita,margi,margie,margit,margo,margorie,margot,margret,margretta,marguerita,marguerite,margueritte,marguita,margurita,margy,mari,maria,mariadejesus,mariadel,mariaelena,mariah,marialisa,marialuisa,mariam,marian,mariana,mariane,marianela,mariann,marianna,marianne,mariano,maribel,maribell,maribelle,maribeth,marica,marice,maricel,maricela,maricella,maricia,maricruz,maridee,marie,mariea,marieann,mariel,mariela,marielena,mariella,marielle,mariellen,mariesa,marietta,mariette,marijke,marijo,marika,marikay,mariko,marilee,marilena,marilin,marilou,marilu,mariluz,marilyn,marilynn,marin,marina,marinda,marine,marines,marino,mario,marion,maris,marisa,marisel,marisela,mariselda,marisella,marisha,marisol,marissa,marisue,marit,marita,maritsa,maritza,marius,marivel,mariza,marizol,marja,marjean,marjie,marjo,marjori,marjorie,marjory,mark,marka,markay,marke,markeith,markel,markell,marketa,marketta,markey,markham,markita,marko,markos,markus,marky,marl,marla,marlaina,marlaine,marlan,marlana,marland,marlane,marlayna,marlea,marlee,marleen,marlen,marlena,marlene,marlenia,marletta,marlette,marley,marli,marlia,marlies,marlin,marlina,marlinda,marline,marlis,marlisa,marlise,marlissa,marlo,marlon,marlow,marlowe,marly,marlyn,marlynn,marlys,marna,marnae,marne,marnee,marnell,marnette,marney,marni,marnice,marnie,marnita,marny,marolyn,maron,marque,marquel,marquerite,marques,marqueta,marquetta,marquette,marquez,marquin,marquis,marquise,marquita,marquitta,marri,marrianne,marrio,marrion,marrissa,marry,marsha,marshal,marshall,marshawn,marshel,marshell,marshella,marshelle,marshia,marsi,marsie,mart,marta,marte,martel,marten,martez,martha,marti,martie,martin,martina,martine,martinez,martino,martrice,marty,martyn,marueen,maruice,marva,marvan,marvel,marvell,marvella,marvelle,marven,marvenia,marvetta,marvette,marvin,marvina,marvis,marwin,marx,mary,marya,maryalice,maryam,maryann,maryanna,maryanne,marybel,marybell,marybelle,marybeth,marye,maryelizabeth,maryellen,maryfrances,marygrace,maryhelen,maryjane,maryjean,maryjo,marykate,marykay,maryland,marylee,marylin,maryln,marylou,marylouise,marylu,marylyn,marylynn,marymargaret,marynell,maryrose,marysol,marysue,mashell,mashelle,mason,massimo,mat,mata,mateo,mathew,mathias,mathieu,mathilda,mathis,matias,matilda,matilde,matina,matricia,matson,matt,matteo,mattew,mattheu,matthew,matthews,matthias,mattie,maud,maude,maudie,maura,maureen,maurene,mauri,maurica,maurice,mauricia,mauricio,maurie,maurilio,maurine,maurita,maurizio,mauro,maury,maurya,maverick,mavis,max,maxey,maxie,maximilian,maximiliano,maximillian,maximino,maximo,maxine,maxwell,may,maya,maybelle,mayda,mayer,maylee,maylene,mayme,maynard,mayo,mayra,mayte,mazie,mcarthur,mccoy,mcdonald,mcihelle,mckenzie,mckinley,mead,meadow,meagan,meaghan,mearl,mecca,mechel,mechele,mechell,mechelle,mechille,meda,medardo,medea,media,medina,medora,mee,meegan,meeghan,meera,meesha,meg,megail,megan,meggan,meghan,megin,mei,meighan,meika,meir,meko,mel,mela,melaina,melaine,melana,melane,melanee,melaney,melani,melania,melanie,melannie,melany,melanye,melba,melchor,melda,meldon,melea,meleah,melecio,melena,melenda,melessa,melessia,melia,melicia,melida,melina,melinda,melisa,melisha,melisia,meliss,melissa,melisse,melissia,melita,meliza,mellanie,mellany,mellisa,mellissa,mellissia,mellody,mellonie,mellony,melodee,melodi,melodie,melody,melodye,melondy,melonee,meloney,meloni,melonie,melony,melora,melton,melva,melvenia,melvia,melville,melvin,melvina,melvinia,melvyn,melynda,melyssa,memorie,memory,mena,menachem,mendel,mendi,mendy,menno,meranda,merari,merced,mercedes,mercedez,mercer,merci,mercy,meredeth,meredith,meredyth,meri,meria,meriam,meribeth,merideth,meridith,meriel,merilee,merilyn,merinda,merit,merita,merl,merle,merlene,merlin,merlinda,merlyn,merna,merredith,merrell,merri,merrick,merrie,merrilee,merrill,merrily,merrilyn,merritt,merry,merton,mervin,merwin,merwyn,mery,meryl,meschelle,mesha,meshawn,meshell,meshelle,meta,metta,mette,meyer,mi,mia,mica,micael,micaela,micah,micahel,micha,michae,michaeal,michael,michaela,michaelangelo,michaelann,michaelanne,michaele,michaelene,michaeline,michaell,michaella,michaelle,michaelyn,michail,michal,michale,michalene,michall,michalle,micheal,micheale,michealle,michel,michela,michelangelo,michele,michelee,michelene,michelina,micheline,michell,michella,michelle,michellee,michelyn,michial,michiel,michielle,michiko,michille,michol,michole,michon,mick,mickael,mickeal,mickel,mickelle,mickey,micki,mickie,mickle,micky,micole,midge,midori,miechelle,mieke,migdalia,migel,mignon,miguel,miguelina,mika,mikael,mikal,mike,mikeal,mikel,mikell,mikelle,miki,mikki,mikko,miklos,miko,mila,milagro,milagros,milan,milana,milburn,mildred,milena,miles,milessa,milford,milica,milicent,milinda,milisa,milissa,milissia,milka,millard,miller,millicent,millie,millisa,millissa,mills,milly,milo,milon,milos,milta,milton,mimi,mina,minda,mindee,mindi,mindie,mindy,minerva,minette,ming,minique,minka,minna,minnie,minor,miosotis,miquel,mira,miranda,mireille,mirella,mirenda,mireya,miriam,mirian,mirinda,mirko,mirna,miro,mirta,mirtha,misa,misael,mischa,mischele,mischell,mischelle,misha,mishael,mishawn,mishel,mishele,mishell,mishelle,missey,missi,missie,missy,mistee,misti,mistie,misty,mitch,mitcheal,mitchel,mitchell,mitchelle,mitra,mitsy,mittie,mitzi,mitzie,mitzy,miya,miyoshi,miyuki,mlisa,mlissa,modesta,modesto,mohamed,mohammad,mohammed,mohan,moira,moise,moises,moishe,molinda,molli,mollie,molly,mona,monaca,monalisa,moncia,monda,monday,mondo,monet,monette,monia,monic,monica,monice,monicia,monico,moniece,monifa,monigue,monika,monique,monisa,monisha,monita,monna,monnie,monquie,monroe,monserrate,mont,monta,monte,montee,montel,montell,montey,montez,montgomery,monti,montie,montina,montoya,montreal,montrell,montrese,monty,monya,monyette,mora,moraima,morayma,mordecai,mordechai,moreen,morena,morey,morgan,morgana,morgen,moria,morna,morrell,morrie,morris,morrison,morton,mose,moses,moshe,moya,mozella,mria,mrk,mry,muhammad,muna,murat,murice,muriel,murl,murphy,murray,murrell,murry,mya,mychelle,myisha,myla,mylan,mylene,myles,mylinda,mylisa,mylissa,myndi,myra,myriam,myrick,myrl,myrna,myron,myrta,myrtie,myrtis,myrtle,mysti,mystie,nabil,nachelle,nacole,nada,nadean,nadeem,nadeen,nadege,nadene,nader,nadia,nadina,nadine,nadja,nadra,nadyne,naftali,naida,naima,najah,nakita,nalani,nalini,namon,nan,nana,nancee,nancey,nanci,nancie,nancy,nancyann,nancye,nancylee,nanetta,nanette,nani,nanine,nannette,nannie,naoma,naomi,naomie,napolean,napoleon,nara,narciso,narda,nasario,nason,nasser,nat,natacha,natale,natalee,natali,natalia,natalie,nataline,natanya,natarsha,natascha,natasha,natashia,natausha,nate,nathalia,nathalie,nathan,nathanael,nathanial,nathaniel,nathen,nathon,natika,natisha,natividad,natlie,natonya,natosha,navarro,nayda,neal,neale,nechama,nechelle,nechole,necia,neco,necol,necola,necole,ned,neda,nedra,neel,neely,neena,neesa,neesha,neeta,nefertiti,neftali,neftaly,neha,nehemiah,neida,neil,neila,neill,neisha,nekita,neko,nelda,nelia,nelida,nell,nella,nellie,nello,nelly,nels,nelson,nelva,nelvin,nema,nemecio,nemesio,nena,nenad,neomi,nephi,nereida,nereyda,nerissa,nesha,neshelle,nestor,neta,netta,nettie,neva,nevada,neville,nevin,newell,newman,newton,neysa,nia,niall,niamh,nica,nicanor,nicasio,nicci,niccole,nichele,nichell,nichelle,nichoel,nichol,nichola,nicholas,nicholaus,nichole,nicholes,nicholette,nicholis,nicholle,nichols,nick,nickcola,nickcole,nickey,nicki,nickie,nicklas,nicklos,nickol,nickola,nickolaos,nickolas,nickole,nickolette,nicky,nico,nicol,nicola,nicolai,nicolas,nicolasa,nicole,nicoletta,nicolette,nicolina,nicoll,nicolle,nicolo,nidia,niel,niels,niesha,nieves,nigel,nika,nikcole,niketa,niki,nikisha,nikita,nikki,nikkii,nikkol,nikkole,niko,nikol,nikola,nikolai,nikolaos,nikolas,nikolaus,nikole,nikos,nila,nilda,nile,niles,nils,nilsa,nina,ninette,ninfa,ninnette,nino,nisa,nisha,nissa,nita,nitza,niurka,niva,nivia,nixon,noah,noal,noam,noami,noble,noe,noel,noelani,noelia,noell,noella,noelle,noemi,noemy,nohemi,nola,nolan,nolana,noland,nolberto,nolen,nolita,nona,nonie,nora,norah,noralee,norbert,norberto,noreen,norene,noretta,nori,norina,norine,norita,norm,norma,normajean,normalinda,norman,normand,norris,norton,norval,norvel,norvell,norvin,norwood,nova,novella,nowell,nuala,nubia,nunzio,nycole,nydia,nyla,nyles,nyoka,nyra,oakley,oba,obadiah,obbie,obed,obert,obie,obrian,ocie,octave,octavia,octavio,octavius,october,odalys,odelia,odell,odessa,odetta,odette,odie,odilia,odin,odis,ofelia,ohn,okey,oksana,ola,olaf,olan,olanda,olando,ole,olegario,olen,oleta,oletha,olevia,olga,olimpia,olin,olinda,olinka,olisa,oliva,olive,oliver,olivia,olivier,ollen,ollie,olympia,oma,omaira,omar,omayra,omega,omer,ona,onald,ondine,ondra,ondre,ondrea,ondria,oneal,oneida,oneil,onesimo,onika,onita,onnie,ontario,oona,opal,ophelia,opie,ora,oral,oralee,oralia,oran,orazio,oren,orena,orenthal,orenthial,oreste,orestes,oretha,orfelinda,oriana,orie,orien,orin,orion,orissa,orland,orlanda,orlander,orlando,orlandus,orlena,orlin,orlinda,orlondo,orman,orna,orpha,orpheus,orrin,orson,orval,orvil,orville,osbaldo,osborn,osborne,oscar,osceola,oseph,osie,osman,osmond,ossie,osualdo,osvaldo,oswald,oswaldo,otha,othell,otho,otilia,otilio,otis,otoniel,ottis,otto,ouida,ovidio,ovie,owen,ozell,ozie,oziel,ozzie,pablo,paco,padraic,page,paige,paisley,pal,pallas,palma,palmer,palmira,paloma,pam,pamala,pamale,pamela,pamelia,pamella,pamelyn,pami,pamila,pamla,pamlea,pamlia,pammie,pammy,pamula,panagiota,panagiotis,pandora,panfilo,pansy,paola,paolo,paquita,parag,paralee,paris,parish,park,parker,parnell,parris,parrish,parry,parthenia,particia,partick,pascal,pascale,pascha,paschal,pascual,pasha,pasquale,pasqualina,pastor,pat,patches,pati,paticia,patience,patina,patirica,patra,patrece,patrecia,patreece,patrena,patrenia,patresa,patria,patric,patrica,patrice,patrici,patricia,patricio,patrick,patrina,patrinia,patrise,patrisha,patrisia,patrizia,patryce,patsy,patterson,patti,pattiann,pattie,patton,patty,paublo,paul,paula,pauleen,paulene,paulett,pauletta,paulette,paulina,pauline,paulino,paulita,paulla,paullette,paulo,paxton,payton,peaches,pearl,pearlie,pearline,pebbles,peder,pedro,peer,pegeen,peggi,peggie,peggy,peggyann,penelope,penina,penn,penne,penney,penni,pennie,penny,pennye,pepper,per,percell,percilla,percival,percy,perez,perfecto,peri,perla,pernell,perri,perrin,perry,persephone,pervis,petar,pete,peter,petra,petrice,petrina,petro,petula,peyton,phaedra,phebe,phedra,pheobe,phil,philana,philander,philbert,philemon,philicia,philip,philipp,philippa,philippe,phillip,phillipe,phillippe,phillips,phillis,philomena,phoebe,phylicia,phylis,phyliss,phyllis,pia,pier,pierce,piero,pierre,pierrette,pieter,pietro,pilar,pina,pino,piper,pippa,pixie,placido,plato,pleshette,polly,pollyann,pollyanna,ponciano,poppy,porfirio,porsha,porter,portia,portland,poul,powell,precilla,precious,prentice,prentis,prentiss,prescilla,prescott,presley,preston,price,pricilla,pricillia,primitivo,prince,princella,princess,priscella,priscilla,priscillia,prisilla,priya,providencia,prudence,pura,purcell,purnell,purvis,quan,quanda,quanita,quay,queen,queena,queenie,quent,quenten,quentin,quenton,quetcy,quida,quin,quince,quincey,quincy,quinetta,quinn,quint,quintella,quinten,quintin,quintina,quinton,quita,ra,rabecca,race,rachael,rachal,racheal,rachel,rachele,rachell,rachella,rachelle,racine,racquel,rada,radames,radford,radley,radonna,rae,raeann,raeanne,raechel,raechelle,raegan,raejean,raelee,raeleen,raelene,raelyn,raelynn,raemarie,raena,rafael,rafaela,rafe,rafeal,rafel,rafer,raffaele,raffi,ragan,ragina,raguel,raheem,rahim,rahman,rahn,rahul,rai,raiford,raimundo,rain,raina,raine,rainee,rainer,rainey,rainie,rainy,raisa,raissa,raj,rajan,rajeev,rajesh,rajiv,rakesh,raleigh,ralene,ralf,ralinda,ralph,ralphel,ralphie,ralston,ralynn,rama,ramanda,ramel,ramesh,ramey,rami,ramie,ramin,ramiro,ramon,ramona,ramond,ramonda,ramone,ramonia,ramonita,ramsey,rana,ranae,ranay,rance,rand,randa,randal,randale,randall,rande,randee,randel,randell,randi,randie,randle,randol,randolf,randolph,randon,randy,rane,ranea,ranee,ranell,ranelle,ranessa,ranette,rani,rania,ranjit,ransom,raoul,raphael,raphaela,rapheal,raphel,raqual,raquel,raquell,raquelle,rashaun,rashawn,rasheed,rashel,rashell,rashelle,rashid,rashida,rashonda,raul,raven,ravi,ravinder,ravindra,ravon,ravonda,rawlin,ray,raya,rayann,rayanne,rayburn,raychel,raychelle,raydell,raye,rayetta,rayette,rayfield,rayford,rayla,rayland,rayleen,raylene,raylyn,rayma,raymie,raymon,raymona,raymond,raymonda,raymone,raymont,raymound,raymund,raymundo,rayna,raynaldo,raynard,rayne,raynee,raynell,raynelle,rayner,raynetta,raynette,rayshawn,rayshell,rayvon,rea,read,reagan,reanee,reatha,reba,rebacca,rebbeca,rebbecca,rebeca,rebecca,rebeccah,rebecka,rebeckah,rebeka,rebekah,rebekka,rebekkah,rebel,recardo,rechell,rechelle,rechetta,reco,reda,redmond,redonna,redrick,ree,reece,reed,reem,reena,rees,reesa,reese,refugio,refujio,regan,regena,regenia,reggie,regginald,regina,reginal,reginald,regine,reginia,regino,reginold,regis,regla,regnald,reid,reiko,reina,reinaldo,reine,reiner,reinhard,reino,reisa,rejeana,reka,relanda,relena,relinda,rema,remedios,remi,remigio,remo,remon,remona,remonia,remus,remy,ren,rena,renada,renae,renai,renald,renaldo,renard,renardo,renata,renate,renato,renatta,renay,renda,rendell,rendy,rene,renea,renee,renelda,renell,renelle,renessa,renetta,renette,renia,renie,renina,renise,renita,renna,rennae,renne,rennee,rennette,rennie,renny,reno,renwick,renzo,resa,resha,reshell,reshonda,ressie,reta,retha,retina,rett,retta,reuben,reubin,reva,revonda,rex,rexanne,rexford,rey,reyes,reymond,reymundo,reyna,reynalda,reynaldo,reynard,reyne,reynold,reynolds,rhanda,rhea,rhenda,rhett,rhetta,rhoda,rhodney,rhona,rhonda,rhondalyn,rhondi,rhyan,rhys,ria,rian,ric,rica,ricard,ricarda,ricardo,riccardo,ricci,ricco,rich,richad,richar,richard,richardo,richele,richell,richelle,richerd,richetta,richey,richie,richmond,richrd,richy,rick,rickey,ricki,rickie,ricky,rico,rifka,rigo,rigoberto,rik,rika,riki,rikki,riley,rilla,rima,rina,rinaldo,rinda,rio,rip,risa,rise,risha,rissa,rita,ritchard,ritchie,rito,ritu,riva,rivka,rivkah,roan,roanld,roann,roanna,roanne,rob,robb,robbert,robbey,robbi,robbie,robbin,robby,robbyn,robecca,roben,rober,robert,roberta,robertina,roberto,roberts,robertt,robet,robi,robie,robin,robina,robinette,robinson,roby,robyn,robyne,robynn,robynne,rocco,roch,rochel,rochele,rochell,rochelle,rochon,rocio,rock,rockey,rockie,rockne,rockwell,rocky,rod,rodd,rodderick,roddrick,roddy,rodell,roderic,roderick,rodger,rodgerick,rodgers,rodman,rodney,rodny,rodolfo,rodric,rodrick,rodrigo,rodriguez,rodriquez,roel,roena,rogelio,rogene,roger,rogerick,rogerio,rogers,rogina,rohan,rohn,roiann,rojelio,rolan,roland,rolanda,rolando,rolf,rolfe,rolinda,rollan,rolland,rollie,rollin,rollins,rollyn,rolonda,rolondo,roma,romaine,romaldo,roman,romana,romanda,romanita,romano,romayne,rome,romel,romelia,romell,romeo,romero,romi,romie,romina,rommel,rommie,rommy,romney,romon,romona,romonda,romonica,romualdo,romulo,romy,ron,rona,ronal,ronald,ronaldo,ronalee,ronan,ronda,rondal,rondall,rondalyn,rondell,rondey,rondi,rondia,rondie,rondy,ronee,ronel,ronell,ronelle,ronen,ronetta,ronette,roney,roni,ronica,ronie,ronit,ronita,ronn,ronna,ronnald,ronnda,ronnee,ronnel,ronnell,ronnet,ronnett,ronnetta,ronnette,ronney,ronni,ronnie,ronny,ronold,rony,ronya,rooney,roosevelt,roque,roquel,rori,rorie,rory,rosa,rosaland,rosalba,rosalee,rosaleen,rosalia,rosalie,rosalin,rosalina,rosalind,rosalinda,rosaline,rosalio,rosalva,rosalyn,rosalynn,rosamaria,rosamond,rosana,rosann,rosanna,rosanne,rosaria,rosario,rosary,rosaura,roschelle,roscoe,rose,roseann,roseanna,roseanne,roselee,roselind,roselinda,roseline,rosella,roselle,roselyn,roselynn,rosemaria,rosemarie,rosemary,rosena,rosenda,rosendo,rosetta,rosette,rosevelt,roshanda,roshanna,roshawn,roshawnda,roshell,roshelle,roshon,roshonda,roshun,roshunda,rosi,rosia,rosie,rosiland,rosilyn,rosina,rosio,rosita,rosland,roslin,roslind,roslyn,roslynn,rosonda,ross,rossana,rossi,rossie,rosslyn,roswell,rosy,rotonia,rotunda,rowan,rowdy,rowena,rowland,roxan,roxana,roxane,roxann,roxanna,roxanne,roxie,roxy,roy,roya,royal,royce,royd,roylee,roylene,rozalyn,rozanne,rozell,rozella,rozetta,rozita,rozlyn,rubel,ruben,rubi,rubin,rubina,ruby,rubye,ruddy,rudi,rudolf,rudolfo,rudolph,rudolpho,rudy,rueben,ruel,ruffin,rufino,rufus,rulon,rumaldo,rupa,rupert,ruperto,rush,russ,russel,russell,rusti,rustie,rustin,ruston,rusty,ruth,rutha,ruthann,ruthanna,ruthanne,ruthie,ryan,ryder,ryland,ryon,saadia,sabas,sabena,sabina,sabine,sabino,sabra,sabrena,sabrina,sabrinia,sacha,sadie,sadonna,sadra,saeed,saeeda,sage,sagrario,said,saida,saint,sajid,sakina,sal,saladin,saleem,salem,salena,salene,salim,salima,salimah,salina,salisa,sallee,salley,salli,sallie,sally,sallyann,salome,salomon,salvador,salvadore,salvatore,sam,samantha,samanthia,samara,samaria,samatha,sameer,samella,samer,sameul,sami,samia,samir,samira,sammi,sammie,sammuel,sammy,samona,samone,sampson,samson,samual,samuel,samule,san,sanchez,sanda,sandar,sandee,sandeep,sander,sanders,sandford,sandhya,sandi,sandie,sandor,sandra,sandrah,sandria,sandro,sandy,sanford,sang,sangita,sanita,sanja,sanjay,sanjeev,sanjiv,sanjuana,sanjuanita,santa,santana,santi,santiago,santina,santo,santonio,santos,sanuel,sanya,saprina,sara,sarae,sarah,sarai,sarajane,saralyn,saralynn,sarann,sarena,saretha,sari,sariah,sarie,sarina,sarita,sascha,sasha,saskia,satonya,satrina,saudia,saul,saulo,saunders,saundra,savanna,savannah,saverio,savina,saxon,scarlet,scarlett,scarlette,schawn,schelle,schelly,scherry,scheryl,schon,schuyler,schwanda,scot,scott,scotti,scottie,scotty,seamus,sean,seana,seanda,seann,seanna,sebastian,sebastiano,sebrena,sebrenia,sebrina,secret,sedgwick,sedric,sedrick,seema,seferino,sejal,selby,seldon,selena,selene,selenia,seleste,selia,selina,selinda,seline,selisa,selma,selwyn,sema,sena,senaida,sendy,senetra,senita,senon,senora,senovia,senta,seon,september,sequita,serafin,serafina,serapio,serena,serene,serenia,sereta,seretha,serge,sergio,serina,serita,serjio,serrena,serrina,servando,seth,severiano,severino,severo,seymour,sha,shaaron,shabnam,shad,shadrick,shae,shahara,shahid,shahla,shahna,shai,shaila,shain,shaina,shaine,shala,shalana,shalanda,shalane,shalee,shaleen,shalena,shalene,shaletha,shalia,shalimar,shalisa,shalise,shalisha,shalom,shalon,shalonda,shalynn,shamar,shamarie,shamon,shamra,shamus,shan,shana,shanae,shanah,shanan,shanann,shanda,shandel,shandell,shander,shandi,shandolyn,shandon,shandra,shandria,shandy,shane,shanee,shaneen,shanel,shanell,shanelle,shanese,shanetta,shanette,shaney,shani,shanie,shanin,shanise,shanita,shann,shanna,shannah,shannan,shannel,shannen,shannette,shanni,shannin,shannon,shannyn,shanon,shanta,shantae,shantal,shantay,shante,shantee,shantel,shantele,shantell,shantella,shantelle,shanti,shanton,shantrell,shanya,shanyn,shar,shara,sharad,sharada,sharae,sharalee,sharalyn,sharan,sharanda,sharay,sharee,shareen,shareese,sharell,sharelle,sharen,sharena,sharene,sharese,sharetha,sharetta,sharhonda,shari,shariann,sharice,sharie,sharif,sharilyn,sharilynn,sharin,sharine,sharion,sharis,sharise,sharisse,sharita,sharl,sharla,sharlee,sharleen,sharlene,sharlet,sharlette,sharline,sharlisa,sharlotte,sharlyn,sharlynn,sharma,sharmain,sharmaine,sharman,sharmane,sharmayne,sharmell,sharmen,sharmila,sharmin,sharmon,sharmyn,sharn,sharna,sharnell,sharnette,sharney,sharol,sharolyn,sharon,sharona,sharonda,sharone,sharonne,sharra,sharrell,sharri,sharrie,sharrieff,sharron,sharrone,sharry,sharunda,shary,sharyl,sharyn,shasta,shaton,shaun,shauna,shaunda,shaundra,shaune,shaunette,shaunna,shaunta,shauntay,shaunte,shauntel,shauntell,shavon,shavonda,shavonna,shavonne,shaw,shawan,shawana,shawanda,shawanna,shawn,shawna,shawnae,shawnda,shawndell,shawndra,shawne,shawnee,shawneen,shawnell,shawnelle,shawnetta,shawnette,shawni,shawnie,shawnn,shawnna,shawnta,shawnte,shawntel,shawntell,shawntelle,shawntina,shawnya,shay,shaye,shayla,shayleen,shaylene,shayn,shayna,shayne,shaynee,shea,shean,sheana,sheba,shedrick,sheela,sheelah,sheena,sheila,sheilagh,sheilah,sheilia,sheilla,shela,shelagh,shelah,shelaine,shelanda,shelba,shelbi,shelbie,shelby,shelda,sheldon,sheleen,shelena,shelene,sheletha,sheli,shelia,sheliah,shelie,shelina,shelisa,shelise,shelita,shell,shella,shellaine,shelle,shellee,shelleen,shellena,shellene,shelley,shelli,shellia,shellie,shellina,shellisa,shelly,shelonda,shelton,shelva,shem,shena,shenan,shenandoah,shenee,shenell,shenelle,shenequa,shenetta,shenia,shenise,shenita,shenna,shennon,sheon,shepard,shepherd,shera,sherae,sheral,sheralyn,sheran,sheranda,sherard,sheray,sherece,shereda,sheree,shereen,shereese,sherell,sherelle,sherena,sherene,sheresa,sherese,sheretha,sheretta,sherhonda,sheri,sheria,sherial,sherian,sheriann,sherianne,sherice,sherida,sheridan,sherie,sherif,sheril,sherilee,sherill,sherilyn,sherilynn,sherin,sherina,sherine,sherise,sherita,sheritha,sheritta,sherlene,sherley,sherline,sherlon,sherlonda,sherly,sherlyn,sherlynn,shermaine,sherman,shermon,shernita,sheron,sheronda,sherone,sherra,sherre,sherree,sherrel,sherrell,sherri,sherria,sherriann,sherrice,sherrie,sherril,sherrill,sherrilyn,sherrilynn,sherrin,sherrita,sherrod,sherron,sherronda,sherry,sherryann,sherrye,sherryl,shervon,sherwin,sherwood,shery,sheryal,sheryl,sherylann,sheryle,sheryll,sheryn,shevette,shevon,shewanna,shiela,shifra,shila,shiloh,shimon,shinita,shira,shirah,shiree,shireen,shirell,shirelle,shirely,shirene,shirin,shirl,shirlee,shirleen,shirlene,shirlette,shirley,shirlie,shirly,shirlyn,shiron,shirrell,shivaun,shlomo,shmuel,shoan,sholanda,sholom,sholonda,shon,shona,shonda,shondel,shondell,shondi,shondia,shondra,shone,shonette,shoni,shonia,shonn,shonna,shonnette,shonnie,shonta,shontae,shontay,shonte,shontel,shontell,shontelle,shonya,shoshana,shoshanna,shown,shree,shron,shronda,shun,shuna,shunda,shundra,shunna,shunta,shuntel,shuron,shwanda,shyla,shyra,shyvonne,sian,sibrina,sibyl,sid,sidney,sidra,siegfried,sieglinde,sienna,sierra,sigifredo,sigmund,signe,sigrid,silas,silke,silva,silvana,silvano,silver,silverio,silvester,silvestre,silvia,silvio,sim,sima,simcha,simeon,simmie,simon,simona,simone,simpson,simuel,sina,sinclair,sinda,sindi,sindy,sioban,siobhan,siomara,sirena,siri,sirita,sissy,sisto,sivi,sixto,skip,skipper,sky,skye,skyler,slade,sloan,sloane,slyvia,smantha,smith,smokey,snezana,socorro,socrates,sofia,sofie,soila,sol,solange,soledad,soloman,solomon,solon,sona,sonal,sonda,sondra,song,songa,soni,sonia,sonita,sonja,sonji,sonjia,sonna,sonni,sonnia,sonnie,sonny,sonnya,sonya,sonyia,sonza,sophia,sophie,sophina,sophronia,soraida,soraya,soren,sorina,sotero,sotirios,soyla,spence,spencer,spero,spiro,spiros,spring,spurgeon,spyros,srinivas,stace,stacee,stacey,staci,stacia,stacie,stacy,stacyann,stacye,stafford,staley,stan,standley,stanely,stanford,stanley,stanly,stanna,stanton,star,starla,starlene,starlet,starlett,starletta,starlette,starlin,starling,starlyn,starr,stasha,stasi,stasia,stavros,stavroula,stayce,steed,steele,stefan,stefani,stefania,stefanie,stefannie,stefano,stefanos,stefany,stefen,stefeni,stefenie,steffan,steffani,steffanie,steffany,steffen,steffon,stefon,stehanie,stella,sten,stepanie,stepen,stephaine,stephan,stephana,stephane,stephanee,stephaney,stephani,stephania,stephanie,stephanine,stephanne,stephannie,stephany,stephe,stephen,stephene,stephenia,stephenie,stephennie,stephenson,stepheny,stephie,stephine,stephnie,stephon,stephonie,sterlin,sterling,steva,stevan,steve,steven,stevens,stevenson,stevey,stevie,stevin,stevon,steward,stewart,stirling,stoney,stony,storm,stormi,stormie,stormy,stpehen,stratton,stuart,su,suann,suanna,suanne,subrena,subrenia,subrina,sue,sueann,sueanne,sueellen,suella,suellen,suelynn,sulema,sullivan,sulma,sumaya,summer,sumner,sundae,sunday,sundee,sundi,sundra,sundy,sung,sunil,sunita,sunni,sunnie,sunny,sunshine,sunya,suprena,suprina,surena,suresh,suri,surina,susan,susana,susane,susann,susanna,susannah,susanne,susen,susette,sushil,susi,susie,susy,suzan,suzana,suzann,suzanna,suzannah,suzanne,suzen,suzette,suzi,suzie,suzy,suzzanne,suzzette,sven,swain,swan,swati,sybil,syble,sybrina,syd,sydne,sydnee,sydney,sydnie,syed,syliva,sylivia,sylvan,sylvana,sylvania,sylvester,sylvette,sylvia,sylvie,symantha,syndee,synethia,synthia,syrena,syrina,tab,tabatha,tabathia,tabb,tabbatha,tabbetha,tabbitha,tabby,taber,tabetha,tabita,tabitha,tabithia,tabor,tabrina,tacey,tacia,tacy,tad,tadashi,tadd,tadeusz,tae,taff,taffany,taffi,taffie,taffy,taft,tahnee,tahnya,tahra,tai,taina,taisha,tait,taiwan,taj,taja,taji,tajuana,takeshi,tal,talana,talaya,talbert,talbot,talena,tali,talia,talina,talisa,talisha,talitha,talithia,talley,tally,talma,talmadge,talmage,talya,tama,tamah,tamaira,tamala,tamalia,tamalyn,tamantha,tamar,tamara,tamarah,tamaria,tamarra,tamatha,tamberly,tamberlyn,tambra,tameca,tameco,tamee,tameeka,tameka,tamekia,tameko,tamela,tamelia,tamella,tamera,tameria,tameron,tametha,tamey,tami,tamia,tamica,tamico,tamie,tamijo,tamika,tamiko,tamila,tamilyn,tamina,tamira,tamisha,tamitha,tamla,tamma,tammala,tammara,tammatha,tamme,tammee,tammera,tammey,tammi,tammia,tammie,tammila,tammra,tammy,tammye,tammyjo,tammylee,tamora,tampatha,tamra,tamsen,tamsin,tamu,tamula,tamura,tamy,tamyko,tamyra,tana,tanara,tanda,tandi,tandra,tandy,tanesha,tanette,tanga,tanganyika,tange,tangee,tangela,tangelia,tangerla,tangi,tangia,tangie,tangila,tangla,tangula,tangy,tani,tania,tanika,tanis,tanisha,tanita,taniya,tanja,tanjala,tanna,tanner,tannette,tannie,tannis,tanny,tansy,tany,tanya,tanyia,tanza,tanzania,tara,tarah,taralyn,taran,taras,tarek,taren,tarena,tarence,taresa,taressa,tari,taria,tarik,tarina,tariq,tarita,tarja,tarji,tarla,taro,taron,tarra,tarrance,tarrell,tarrence,tarri,tarrie,tarris,tarron,tarry,tarsha,tarshia,tarus,tary,taryn,tasa,tascha,tasha,tashawn,tashia,tasia,tassie,tate,tatia,tatiana,tatyana,tauna,taundra,tauni,taunia,taunie,taunja,taunya,taura,taurus,tausha,tava,tavia,tavis,tawana,tawanda,tawania,tawanna,tawn,tawna,tawnee,tawney,tawni,tawnia,tawnie,tawny,tawnya,tawyna,taya,taylor,tayna,teague,teah,teal,teala,teana,teanna,teasha,tecia,tecla,ted,tedd,teddi,teddie,teddy,tedi,tedman,tedra,teela,teena,teesha,teffanie,teffany,teia,teila,teisha,tekla,tela,telecia,telena,telesa,telicia,telina,telisa,telissa,telly,telma,tema,temeka,temika,tempest,tempie,temple,temre,tena,teneka,tenesha,tenia,tenise,tenisha,tenita,tenley,tenna,tennie,tenya,teodora,teodoro,teofilo,teon,tequila,tequilla,tera,terah,terald,terance,terasa,tere,tereas,tereasa,terease,terell,terena,terence,terene,teresa,terese,teresea,teresha,teresia,teresina,teresita,teressa,teretha,terez,tereza,teri,teria,teriann,terica,terice,terie,terilyn,terilynn,terina,terisa,terissa,terone,terra,terrace,terral,terran,terrance,terre,terree,terrel,terrell,terrelle,terrena,terrence,terresa,terressa,terri,terria,terriann,terrianne,terrie,terril,terrill,terrilyn,terrilynn,terrin,terrina,terris,terrisa,terrissa,terrolyn,terron,terry,terryl,tersa,tersea,tersia,tery,teryl,tesa,tesha,teshia,tess,tessa,tessi,tessia,tessie,tessy,tevin,tewana,tex,texanna,tezra,thad,thadd,thaddaeus,thaddeus,thaddius,thaddus,thadeus,thadius,thais,thalia,thane,tharon,thatcher,thayer,thayne,thea,theadore,theartis,theda,thedore,thedra,thelma,theo,theodis,theodor,theodora,theodore,theodoric,theodosia,theola,theon,theone,theophilus,theordore,theotis,theran,therasa,thereasa,therease,theresa,therese,theresea,theresia,theressa,therion,therisa,therman,thermon,theron,therron,thersa,thersea,theta,thierry,thimothy,thoams,thom,thomas,thomasa,thomasena,thomasina,thomasine,thompson,thoms,thonda,thor,thorin,thornton,thorsten,threasa,thresa,threse,thresea,thressa,thurman,thurmon,thurmond,thurston,thyra,tia,tiajuana,tiana,tianna,tianne,tiara,tiare,tiawana,tibor,ticia,tiera,tierney,tierra,tiesha,tifani,tifany,tiffanee,tiffaney,tiffani,tiffanie,tiffany,tiffeny,tiffiany,tiffiney,tiffini,tiffinie,tiffiny,tiffney,tige,tija,tijuana,tika,tiki,tilda,tillie,tillman,tim,tima,timara,timathy,timberly,timeka,timi,timia,timika,timiko,timithy,timm,timmi,timmie,timmothy,timmy,timo,timohty,timonthy,timorthy,timoteo,timothey,timothy,timthy,timur,tina,tinamarie,tine,tinesha,tinia,tinisha,tinita,tinna,tino,tiny,tinya,tiphanie,tippi,tippy,tira,tirrell,tirus,tirza,tirzah,tisa,tischa,tish,tisha,tishia,titania,tito,titus,tiwana,tiwanda,tiwanna,tiya,tiziana,tj,tjuana,tobbie,tobby,tobey,tobi,tobias,tobie,tobin,toby,tod,todd,toddy,toi,toia,toinette,toiya,toka,tolanda,tolbert,toliver,tom,toma,tomara,tomas,tomasa,tomasina,tomasita,tomasz,tomeka,tomekia,tomi,tomica,tomicka,tomie,tomika,tomiko,tommaso,tommi,tommie,tommy,tomoko,tomothy,tomy,tona,tonda,tondalaya,tondelayo,tondra,tonesha,tonetta,tonette,toney,tonga,tongela,toni,tonia,toniann,tonianne,tonica,tonie,toniette,tonio,tonita,tonja,tonji,tonjia,tonna,tonnette,tonni,tonnia,tonnie,tonny,tony,tonya,tonyia,tonza,tood,toosdhi,tor,tora,torben,torence,torey,tori,toria,toribio,torie,torin,torina,toris,toronda,torra,torrance,torre,torrence,torres,torrey,torri,torria,torrie,torrin,torris,torry,torsha,torsten,tory,tosca,tosha,toshi,toshia,toshiko,toula,toussaint,tova,towana,towanda,towanna,toy,toya,toye,toyea,toyia,toyna,traca,trace,tracee,tracey,trachelle,traci,tracia,tracie,tracy,tracyann,tracye,tracylynn,trae,trahern,traie,tramell,trampas,trampus,trana,travers,traves,travette,travia,travis,travon,tray,trayce,traycee,trcy,trea,treacy,treana,treasa,trease,treasea,treasure,treavor,trecia,treena,treesa,treg,treina,treisa,treka,trella,trellis,tremain,tremayne,tremell,tremont,trena,trence,trenda,trenell,trenese,trenia,trenise,trenita,trenna,trenny,trent,trenten,trenton,tres,tresa,trese,tresea,tresha,tresia,tress,tressa,tressia,tressie,tressy,treva,trevan,trever,trevia,trevin,trevino,trevis,trevon,trevor,trey,triana,trica,tricha,trichelle,trichia,tricia,triena,trilby,trina,trinda,trine,trinetta,trinette,trini,trinia,trinidad,trinisa,trinita,trinity,trinna,tris,trisa,trischa,trish,trisha,trishia,trisia,trissa,trista,tristan,tristen,tristin,tristram,tristy,triva,trixie,trixy,troas,troi,tron,tronda,trone,troy,troyce,troye,trude,trudi,trudie,trudy,truitt,truly,truman,tryna,tryone,tselane,tucker,tuesday,tuesdee,tujuana,tully,tunisia,tunja,tunya,turhan,turina,turk,turner,tuwana,tuwanda,tuwanna,twain,twaina,twala,twana,twanda,twanette,twanna,twanya,twila,twilla,twina,twyla,twylla,ty,tyana,tyann,tyanne,tyara,tyce,tye,tyese,tyia,tyla,tylan,tylene,tyler,tylon,tylor,tymeka,tyna,tynetta,tynette,tyra,tyran,tyre,tyree,tyreese,tyrel,tyrell,tyrena,tyrene,tyria,tyrome,tyron,tyronda,tyrone,tyronne,tyrus,tysha,tyson,tywana,tywanda,tywanna,tzivia,tzvi,ubaldo,ula,ulanda,ulises,ulonda,ulrich,ulrick,ulyesses,ulysees,ulysess,ulysses,umar,umberto,una,undra,undrea,unice,unknown,uranus,urban,urbano,urena,uri,uriah,uriel,ursala,ursela,ursula,ursulla,uvaldo,uwe,vada,vadra,val,valaria,valarie,valda,valdemar,valdis,vale,valecia,valena,valencia,valentin,valentina,valentine,valentino,valera,valeri,valeria,valerie,valery,valeska,valeta,valetta,valicia,valinda,valisa,valisha,valissa,valleri,vallerie,vallery,valli,vallie,valora,valoree,valorie,valrie,van,vana,vanassa,vance,vanda,vandy,vanesa,vanessa,vanessia,vanetta,vanette,vangela,vangie,vania,vanita,vann,vanna,vannessa,vannette,vanya,varian,varick,varina,varon,varonica,vartan,vasco,vashti,vasilike,vasiliki,vasilios,vaughan,vaughn,vawn,veda,vedra,velda,velia,velicia,velinda,velisa,velita,velma,velta,velton,velva,velvet,vena,venda,venecia,venesa,venesia,venessa,veneta,venetia,venetta,venice,venicia,venisa,venise,venita,vennie,venson,ventura,venus,vera,verda,verdell,verena,vergie,vergil,verita,verl,verla,verlene,verlie,verlin,verlinda,verline,verlisa,verlon,verlyn,vern,verna,vernae,vernal,vernard,verne,verneda,vernell,vernelle,vernessa,vernetta,vernette,vernia,vernica,vernice,vernie,vernita,vernon,veron,verona,veroncia,veronda,veronia,veronica,veronique,vertis,vesna,vesta,vester,veta,veverly,vianca,vianna,vic,vicci,vicent,vicenta,vicente,vici,vicie,vick,vicke,vickey,vicki,vickiann,vickie,vickki,vicktoria,vicky,victor,victoria,victoriano,victorina,victorino,victorio,victory,vida,vidal,vidette,vienna,vijay,viki,vikki,vikram,viktor,viktoria,vilma,vina,vince,vincent,vincente,vincenza,vincenzo,vincient,vinita,vinnie,vinny,vinson,vinton,viola,violet,violeta,violetta,virgel,virgen,virgie,virgil,virgilio,virgina,virginia,virginio,virgle,virna,vita,vito,vittoria,vittorio,viva,viveca,vivek,vivian,viviana,vivianne,vivien,vivienne,vladimir,volanda,vollie,von,vona,voncille,vonda,vondell,vondra,vonita,vonn,vonna,vonnie,vonya,vonzell,vonzella,vytas,waddell,wade,wadell,waldemar,walden,waldo,waleska,wali,walid,walker,wallace,wallis,wally,walt,walter,walton,wanda,wandra,waneta,wanetta,wanette,wanita,wannetta,wannette,ward,wardell,warden,warner,warren,warrick,wash,washington,watson,waverly,wayde,waylan,wayland,waylen,waylon,wayman,waymon,waymond,wayne,waynetta,waynette,webb,webster,wednesday,weldon,wellington,wells,welton,wenda,wendall,wende,wendee,wendel,wendelin,wendell,wendellyn,wendelyn,wendi,wendie,wendolyn,wendy,wendye,wenona,werner,wes,wesley,weslie,wesly,wess,west,westley,westly,weston,weylin,whit,whitman,whitney,wilard,wilber,wilbert,wilberto,wilbur,wilburn,wilburt,wilda,wilder,wileen,wiley,wilford,wilfred,wilfredo,wilhelm,wilhelmina,wiliam,will,willa,willaim,willam,willard,willem,willena,willene,willetta,willette,willia,william,williams,willian,williard,willie,williette,willim,willis,willliam,willow,willy,wilma,wilmer,wilson,wilton,winda,windell,windi,windie,windsor,windy,winette,winfield,winford,winfred,winifred,winnie,winnifred,winona,winslow,winsome,winston,winter,winthrop,winton,wm,wolfgang,wonda,wonder,woodford,woodie,woodrow,woodson,woody,worley,worth,worthy,wray,wren,wright,wyatt,wyeth,wylene,wylie,wyman,wyndee,wyndell,wyndi,wyndy,wynetta,wynette,wynn,wynne,wynona,wynter,xan,xanthe,xavier,xenia,xiomara,xochilt,xochitl,yaakov,yadira,yael,yakov,yalanda,yale,yalonda,yana,yancey,yancy,yanira,yara,yashica,yasmin,yasmina,yasmine,yavette,yavonne,yehuda,yesenia,yetta,yevette,yevonne,ygnacio,yisroel,yitzchak,yitzchok,ylonda,yocheved,yoko,yoland,yolanda,yolande,yolander,yolandia,yolando,yolandra,yolinda,yolonda,yolunda,yonda,yong,yonna,york,yosef,yoshiko,youlanda,youlonda,young,ysidro,yu,yuette,yuki,yuko,yul,yulanda,yulander,yulonda,yumi,yumiko,yuri,yusef,yusuf,yuvette,yvain,yves,yvett,yvetta,yvette,yvon,yvonda,yvonna,yvonne,yvonnie,zabrina,zach,zachariah,zachary,zachery,zack,zackary,zackery,zada,zaid,zaida,zaira,zak,zalmen,zan,zana,zandra,zandria,zane,zaneta,zanetta,zara,zarah,zavier,zbigniew,zeb,zebedee,zebulon,zedrick,zeke,zelda,zella,zelma,zen,zena,zenaida,zenas,zenda,zenia,zeno,zenobia,zenon,zerlina,zeta,zev,zina,zinna,zipora,zita,zoanne,zobeida,zoe,zoila,zola,zoltan,zolton,zona,zondra,zonia,zonya,zora,zoraida,zoran,zorana,zorina,zsazsa,zuleika,zulema,zulma,zvi
