aaronsburg,abbeville,abbot,aberdeen,abernathy,abilene,abingdon,abington,abita,abq,abrams,absarokee,absecon,acacia,academy,acampo,accident,accokeek,accord,achilles,ackerly,ackley,acme,acra,acres,acton,acushnet,acworth,ada,adair,adairsville,adams,adamstown,adamsville,addis,addison,addy,adel,adelanto,adell,adelphi,adena,adger,adin,adirondack,adkins,adna,adrian,advance,afb,afee,affton,afton,agawam,agden,agency,agougura,agoura,agra,agua,aguadilla,aguanga,aguila,aguilar,ahoskie,ahwahnee,aibonito,aiea,aiken,ailey,aimwell,ainsworth,air,aire,airmont,airville,airway,airy,aitkin,ajax,ajo,ajurors,akaska,akeley,akron,al,al;buquerque,alabaster,alachua,aladdin,alameda,alamitos,alamo,alamogordo,alamos,alamosa,alanreed,alanson,alapaha,alba,albans,albany,albemarle,albers,albert,alberton,albertson,albertville,albia,albin,albion,albright,albrightsville,albuquerque,alburnett,alburtis,alcester,alcoa,aldan,alden,alder,alderson,aldie,aldrich,aledo,aleknagik,alene,alex,alexander,alexandri,alexandria,alexis,alfred,alger,algodones,algoma,algona,algonac,algonquin,alhambra,alice,aliceville,alingsss,aliquippa,aliso,alisterville,allegan,allegany,allemands,allen,allendale,allenhurst,allensburg,allenstown,allensville,allenton,allentown,allenville,allenwood,alleyton,alliance,allis,allison,allisonia,allister,allons,allouez,alloway,allston,allyn,alma,almanor,almena,almo,almond,almont,aloha,alpena,alpha,alpharetta,alpin,alpine,alrington,alron,alsea,alsip,alstead,alstyne,alta,altadena,altair,altamont,altamonte,altantic,altaville,altavista,altenburg,altheimer,altmar,alto,alton,altona,altoona,altos,altura,alturas,altus,alum,alva,alvada,alvarado,alvaton,alvin,alviso,alvo,alvord,amado,amagansett,amagon,amalga,amana,amanda,amant,amargosa,amarilla,amarillo,amawalk,ambia,ambler,amboy,ambridge,amelia,amenia,america,american,americus,amery,ames,amesbury,amherst,amissville,amite,amity,amityville,amlin,ammon,amoret,amory,amsterdam,ana,anacoco,anaconda,anacortes,anadarko,anaheim,anahuac,anamosa,anchor,anchorage,and,andalusia,anderson,andersonville,andes,andover,andreas,andrews,angel,angeles,angelo,angels,angelus,angie,angier,angle,angleton,angola,angora,anguilla,angwin,animas,aniwa,ankeny,ann,anna,annandale,annapolis,annawan,anne,anniston,annville,anoka,anomyimous,anonymous,anselmo,ansgar,anson,ansonia,antelope,anthem,anthony,antigo,antimony,antioch,antler,antlers,antonio,antrim,antwerp,anza,ap,apache,apalachicola,apalachin,apex,apison,aple,aplington,apo,apo/ae,apollo,apopka,apple,applegate,appleton,appling,appomattox,aptos,aqua,aquasco,aquebogue,aquilla,arab,arabi,arabia,aransas,arapaho,arapahoe,ararat,arbor,arbuckle,arc,arcade,arcadia,arcanum,arcata,archbald,archbold,archdale,archer,archie,arco,arcola,arden,ardmore,ardo,ardsley,area,arena,arenas,ares,argenta,argos,argyl,argyle,ariel,arilington,arion,ariton,arivaca,arizona,ark,arkadelphia,arkansas,arkansaw,arkdale,arkoma,arlee,arleta,arley,arlington,arm,armada,armington,armona,armonk,armour,armstrong,armuchee,arnaudville,arnett,arnold,arnoldsville,aroda,arp,arpin,arriba,arrington,arrow,arrowhead,arroyo,arsenal,artemas,artesia,artesian,arthur,arvada,arvin,arvonia,asbury,ash,asharoken,ashburn,ashburnham,ashby,ashdown,asheboro,asheville,ashfield,ashford,ashkum,ashland,ashley,ashmore,ashtabula,ashton,ashville,asotin,aspen,aspermont,aspers,aspinwall,assonet,assumption,astatula,aston,astor,astoria,atascadero,atascosa,atchison,atco,athena,athens,athens-clarke,atherton,athol,athyn,atkins,atkinson,atlanta,atlantic,atlantis,atlsnta,atmore,atoka,attalla,attica,attleboro,atwater,atwood,au,auberry,aubrey,auburn,auburndale,auburntown,audtin,audubon,augestine,augusta,augusta-richmond,augustine,auke,ault,aumsville,aurelia,aurora,austell,austin,austinburg,austintown,australia,autryville,auxvasse,ava,avalon,ave,avella,avenal,aventura,averill,avery,avila,avilla,avinger,avis,aviston,avoca,avon,avondale,avonmore,awendaw,axe,axis,axtell,axton,ayden,aydlett,ayer,aylett,aynor,ayr,azalea,azle,aztec,azusa,b,babb,babbitt,babson,babylon,backus,bacliff,bad,baden,badger,bagdad,baggs,bagley,bagwell,bahama,bailey,baileys,baileyton,bain,bainbridge,baird,baiting,baker,bakersfield,bakersville,bal,bala,balaton,balboa,balch,bald,baldwin,baldwinsville,baldwinville,baldwyn,balko,ball,ballard,ballentine,ballico,ballinasao,ballinger,ballston,ballwin,balsam,baltic,baltimore,bamberg,bandera,bandon,bangor,bangs,bank,banks,banner,banning,bannockburn,banos,bantam,bar,baraboo,baraga,barbara,barbeau,barbers,barberton,barboursville,barbourville,bardonia,bardstown,bardwell,barefoot,barge,bargersville,barhamsville,bark,barkhamsted,barling,barnardsville,barnegat,barnesboro,barnesville,barnet,barnett,barneveld,barnhart,barnsdall,barnstable,barnstead,barnum,barnwell,baroda,baroeul,barre,barrel,barrett,barrigada,barrington,barron,barrow,barry,barryville,barstow,bartlesville,bartlett,barto,barton,bartonsville,bartonville,bartow,basalt,bascom,base,basehor,basile,basin,baskin,basking,basom,bass,bassett,bassfield,bastrop,basye,bat,batavia,batchelor,bates,batesburg,batesville,bath,baths,baton,batson,battle,battleboro,battlefield,battletown,baudette,bausman,baxley,baxter,bay,bayam,bayard,bayboro,bayfield,bayonet,bayonne,bayou,bayport,bays,bayside,baytown,bayview,bayville,bch,beach,beachwood,beacon,bealeton,beallsville,bean,bear,bearden,beardstown,bearerton,bearsville,beatrice,beatty,beattyville,beaufort,beaumont,beaver,beavercreek,beaverdam,beaverton,beavertown,bechtelsville,becida,becker,becket,beckley,beckwourth,bedford,bedias,bedminster,bee,beebe,beech,beecher,beechgrove,beechhurst,beechmont,beemer,beeville,beggs,bel,belcamp,belchertown,belden,belding,belen,belews,belfair,belfast,belford,belfry,belgium,belgrade,belhaven,belington,bell,bella,bellaire,bellbrook,belle,belleair,bellefontaine,bellefonte,bellerose,belleview,belleville,bellevue,bellflower,bellingham,bellmawr,bellmore,bellport,bells,bellville,bellvue,bellwood,belmar,belmond,belmont,beloit,belpre,belt,belton,beltsville,belvedere,belvidere,belvieu,belvoir,belvue,belzoni,bement,bemidji,bemus,ben,bena,benbrook,bend,benedict,benicia,benito,bennet,bennett,bennettsville,benning,bennington,benoit,bensalem,bensenville,benson,bentleyville,benton,bentonia,bentonville,benzonia,beque,berea,berele,beresford,bergen,bergenfield,bergland,bergton,berkeley,berkey,berkley,berlin,berlinville,bermuda,bern,bernalillo,bernard,bernardino,bernardston,bernardsville,berne,bernhards,bernie,bernrdno,berntwood,bernville,berrien,berry,berryton,berryville,bertha,berthoud,bertram,bertrand,berwick,berwyn,bessemer,bethalto,bethania,bethany,bethel,bethesda,bethlehem,bethpage,bethune,bettendorf,betterton,beulah,beusichem,beverly,bexley,bfe,bicknell,biddeford,bidwell,bienville,big,bigfoot,bigfork,biggs,billerica,billings,biloxi,biltmore,bingham,binghamton,birch,birchrunville,birchwood,bird,birdsboro,birdseye,birmingham,birnamwood,bisbee,biscayne,bishop,bishopville,bismarck,bison,biwabik,bixby,black,blackburn,blackduck,blackfoot,blacklick,blacksburg,blackshear,blackstock,blackstone,blackville,blackwell,blackwood,bladen,bladenboro,blain,blaine,blair,blairsden,blairsden-graeagle,blairstown,blairsville,blakely,blakesburg,blakeslee,blanc,blanca,blanch,blanchard,blanchardville,blanchester,blanco,bland,blandburg,blanding,blandinsville,blandon,blasdell,blauvelt,blessing,blf,blfs,blie,bliss,blissfield,blk,blloming,blng,blocton,blodgett,blomkest,bloomer,bloomfield,bloomfld,bloomingburg,bloomingdale,bloomington,bloomsburg,bloomsbury,bloomville,blossburg,blossom,blossvale,blountstown,blountsville,blountville,blowing,blue,bluefield,bluejacket,bluemont,bluff,bluffs,bluffton,bluford,blythe,blythedale,blytheville,blythewood,boalsburg,boardman,boaz,boca,bode,bodega,bodfish,boerne,bogalusa,bogard,bogart,bogata,boggstown,bogota,bogue,bohemia,boiling,bois,boise,bokeelia,bolckow,boley,bolinas,boling,bolingbrook,bolivar,bolivia,bolling,bolton,bomoseen,bon,bonaire,bonanza,bonaparte,bonduel,bondurant,bondville,bonfield,bonham,bonifay,bonita,bonlee,bonne,bonneau,bonner,bonnerdale,bonners,bonneville,bonney,bonnie,bonnieville,bonnots,bono,bonsall,booker,boomer,boone,boones,booneville,boonsboro,boonton,boonville,boothbay,boothwyn,boqueron,boqwling,borden,bordentown,borger,boring,bormingham,boro,boron,borrego,borseburg,boscawen,boscobel,bosque,bossier,bostic,boston,bostwick,boswell,bosworth,botggstown,bothell,botkins,bottineau,bottom,boulder,boulevard,bound,bountiful,bourbon,bourbonnais,bourg,bourne,bovey,bovill,bovina,bow,bowdle,bowdoin,bowdoinham,bowdon,bowen,bowie,bowler,bowling,bowlus,bowman,box,boxborough,boxford,boyce,boyceville,boyd,boyden,boyds,boydton,boyero,boyertown,boykins,boylston,boyne,boynton,boys,bozeman,bozman,bozrah,br,brackenridge,brackettville,brad,bradbury,braddock,bradenon,bradenton,bradford,bradfordwoods,bradley,bradner,brady,bradyville,bragg,braham,braidwood,brainard,brainerd,braintree,braman,branch,branchburg,branchport,branchville,brandenburg,brandon,brandsville,brandy,brandywine,branford,branson,brant,brantley,brantwood,braselton,brashear,bratenahl,brattleboro,braunfels,brave,brawley,braxton,braymer,brayton,brazil,brazoria,brea,breaux,breckenridge,brecksville,breda,breese,breeze,breezes,breezy,breinigsville,bremen,bremerton,bremo,bremond,brenham,brent,brentwood,brethren,brevard,brewer,brewerton,brewster,brewton,brg,briarcliff,brick,bridge,bridgehampton,bridgeport,bridger,bridges,bridgeton,bridgeview,bridgeville,bridgewater,bridgewtr,bridgman,bridgton,brielle,brien,brier,brierfield,brigantine,briggs,briggsdale,briggsville,brigham,bright,brighton,brightwaters,brightwood,brillion,brimfield,brinkley,brinklow,brinnon,brinson,briny,brisbane,bristol,bristolcolumbus,bristolville,bristow,britain,britt,brittany,britton,brk,broad,broadalbin,broadbent,broaddus,broadford,broadus,broadview,broadway,brock,brockport,brockton,brockway,brocton,brodhead,brodheadsville,brodnax,broken,bronaugh,bronson,bronston,bronte,bronx,"bronx,,ny,10459",bronxville,brook,brookeland,brooker,brookeville,brookfield,brookhaven,brookings,brookland,brooklet,brooklin,brookline,brooklyn,brookneal,brookpark,brooks,brookshire,brookshire/pattison,brookside,brookston,brooksville,brookville,brookwood,broomall,broomfield,broussard,browerville,brown,brownfield,browns,brownsboro,brownsburg,brownstown,brownsville,browntown,brownville,brownwood,bruce,bruceton,bruceville,bruington,brule,brumley,brundidge,bruneau,bruni,bruning,bruno,brunson,brunswick,brusett,brush,brushton,brusly,brussels,brutus,bryan,bryans,bryant,bryantville,bryceville,bryn,bryson,buchanan,buck,buckeye,buckeystown,buckfield,buckhannon,buckhead,buckland,buckle,buckley,bucklin,buckner,buckskin,bucksport,bucoda,bucyrus,bud,buda,budd,buellton,buena,buenaventura,buffalo,buford,buhl,buhler,bulger,bull,bullard,bullhead,bullock,bulls,bulverde,bumpass,bumpus,buna,buncombe,bunker,bunkerville,bunkie,bunn,bunnell,bunnlevel,buras,burbank,burdett,buren,burgaw,burgettstown,burien,burkburnett,burke,burkesville,burkeville,burleson,burley,burlingame,burlingham,burlington,burlison,burna,burnet,burney,burneyville,burnham,burnie,burns,burnside,burnsville,burnt,burr,burrell,burrton,burson,burt,burtchville,burton,burtonsville,burtrum,burwell,busby,bush,bushkill,bushland,bushnell,bushton,buskirk,bussey,butler,butner,butte,buxton,buzzards,by,bybee,byers,byesville,byfield,byhalia,bynum,byram,byrdstown,byrnes,byromville,byron,c,c.,ca,cabazon,cabin,cabins,cable,cabo,cabool,cabot,cache,caddo,cadillac,cadiz,cadwell,cadyville,caguas,cahokia,cainsville,cairns,cairo,cajon,calabasas,calabash,calais,calcutta,caldwell,caledonia,calera,calexico,calhan,calhoun,caliente,calif,califon,california,calimesa,calipatria,calistoga,call,calla,callahan,'callahan,callands,callao,callaway,'callaway,callery,callicoon,callsburg,calm,calmar,calumet,calvary,calvert,calverton,calvin,calypso,camanche,camano,camargo,camarillo,camas,cambria,cambridg,cambridge,camby,camden,camdenton,cameron,camilla,camillus,camino,cammack,camp,campbell,campbellsburg,campbellsport,campbellsville,campbellton,campo,campobello,campti,campton,camptonville,cana,canaan,canada,canadensis,canadian,canajoharie,canal,canandaigua,canastota,canaveral,canby,candia,candler,cando,candor,canehill,caney,canfield,canisteo,canistota,cankton,cannelburg,cannon,canoe,canoga,canon,canones,canonsburg,canterbury,canton,cantonment,cantrall,canute,canutillo,canvas,canyon,canyonville,caolinga,capac,capay,cape,capistrano,capitan,capitola,capo,capon,capron,captain,captiva,caratunk,carbon,carbondale,cardiff,cardinal,cardington,cardwell,carefree,carencro,"carencro,la",carey,caribou,carl,carle,carleton,carlinville,carlisle,carlock,carlos,carlotta,carlsbad,carlsborg,carlstadt,carlton,carlyle,carmel,carmen,carmi,carmichael,carmichaels,carmine,carnation,carnegie,carnesville,carneys,caro,carol,carolina,carondelet,carp,carpenter,carpentersville,carpinteria,carrabassett,carrabelle,carrier,carriere,carrington,carrizo,carrizozo,carroll,carrollton,carrsville,carson,carter,carteret,cartersville,carterville,carthage,cartwright,caruthers,caruthersville,carvel,carver,carversville,cary,caryville,casa,casar,cascade,casco,casenovia,caseville,casey,caseyville,cashiers,cashion,cashmere,cashton,casper,caspian,cass,casselberry,casselton,cassoday,cassopolis,casstown,cassville,castaic,castalia,castana,castella,castine,castle,castleberry,castleton,castlewood,castor,castorland,castro,castroville,cat,cataldo,catasauqua,cataula,cataumet,catawba,catawissa,catharpin,cathedral,catheys,cathlamet,catlett,catlettsburg,cato,catonsville,catoosa,catskill,caulfield,cavalier,cave,cavour,cavriglia,cay,cayce,caysville,cayucos,cayuga,cayuta,caza,cazadero,cazenovia,cecil,cecilia,cedar,cedarburg,cedaredge,cedarhurst,cedarpines,cedartown,cedarville,cedro,celebration,celestine,celina,cement,centennial,center,centerburg,centereach,centerfield,centerpoint,centerport,centerton,centertown,centerview,centerville,central,centralia,centre,centreville,centro,centuria,century,ceres,ceresco,cerrito,cerritos,cerro,ceylon,ch,chadbourn,chadds,chadron,chadwicks,chaffee,chagrin,chalfont,challis,chalmers,chalmette,chama,chamberlain,chambers,chambersburg,chamblee,chamois,champaign,champion,champions,champlain,champlin,chana,chandler,chandlerville,chanhassen,channahon,channel,channelview,chantilly,chanute,chaparral,chapel,chapin,chapman,chapmansboro,chapmanville,chappaqua,chappell,chardon,charenton,chariton,charlemont,charleroi,charles,charleston,charlestown,charlevoix,charlo,charlotte,charlottesville,charlottesvle,charlton,charter,chartley,chas,chase,chaseburg,chaska,chasse,chateaugay,chatfield,chatham,chatom,chatsworth,chattahoochee,chattanooga,chattaroy,chaumont,chautauqua,chazy,chebanse,chebeague,cheboygan,check,checotah,cheektowaga,chehalis,chelan,chelmsford,chelsea,cheltenham,chemult,chenango,cheney,cheneyville,chenoa,chepachet,cheraw,cherokee,cherry,cherryfield,cherryvale,cherryville,chesaning,chesapeak,chesapeake,cheshire,chesnee,chester,chesterbrook,chesterfield,chesterfld,chesterland,chesterton,chestertown,chesterville,chestnut,cheswick,chetek,cheverly,chevy,chewelah,cheyenne,cheyney,chicago,chichester,chickamauga,chickasaw,chickasha,chico,chicopee,chicora,chidester,chiefland,chien,childersburg,childress,chilhowee,chilhowie,chili,chillicothe,chiloquin,chilton,chimacum,china,chinchilla,chincoteague,chino,chinook,chinquapin,chipley,chippewa,chisago,chisholm,chittenango,chittenden,chitto,chloride,chocowinity,choctaw,choice,chokio,choteau,choudrant,chouteau,chowchilla,chris,chrisman,christi,christian,christiana,christiansbrg,christiansburg,christiansted,christin,christmas,christoval,chualar,chubbuck,chuckey,chugiak,chugwater,chula,chuluota,chunchula,chunky,church,churchville,churubusco,chute,chuvain,cibolo,cicero,cimarron,cincinnati,cinebar,cinnaminson,circle,circleville,cisco,cisne,cissna,citra,citronelle,citrus,city,clackamas,claflin,clair,claire,clairsville,clairsvle,clairton,clancy,clanton,clara,clare,claremont,claremore,clarence,clarendon,clarinda,clarion,clarita,clark,clarkdale,clarke,clarkesville,clarkfield,clarkrange,clarkridge,clarks,clarksboro,clarksburg,clarksdale,clarkson,clarkston,clarksville,clarkton,clatskanie,claude,claus,claverack,clawson,claxton,clay,claymont,claypool,claysville,clayton,clayville,clb,cle,clear,clearfield,clearlake,clearmont,clearville,clearwater,cleburne,cleghorn,clellanville,clemens,clemente,clementon,clements,clemmons,clemson,clendenin,cleo,cleona,clermont,cleveland,clever,cleves,clewiston,cliff,clifford,cliffs,cliffside,clifton,climax,clinchco,clint,clinton,clintonville,clintwood,clio,clipper,clive,cloquet,closter,cloud,cloudcroft,clover,cloverdale,clovis,clr,club,clure,clute,clyde,clymer,clyo,cm,cntry,co,co.,coachella,coahoma,coal,coaldale,coalgate,coaling,coalinga,coalport,coalville,coarsegold,coast,coatesville,coats,cob,cobb,cobbs,cobden,cobleskill,cochecton,cochiti,cochran,cochrane,cochranton,cochranville,cockeysville,cocoa,coconut,coden,cody,coeburn,coello,coeur,coeymans,coffeyville,cogan,coggon,cohasset,cohocton,cohoes,cohutta,coila,coinjock,cokato,coker,colbert,colburn,colby,colchester,colcord,cold,colden,coldspring,coldwater,cole,colebrook,coleman,colerain,coleridge,colfax,colgate,coll,collbran,college,collegeville,colleyville,colliers,collierville,collingswood,collins,collinston,collinsville,colma,colmar,colmesneil,colny,colo,cologne,coloma,colome,colon,colona,colonia,colonial,colonie,colony,colora,colorado,colquitt,colrain,colstrip,colt,colton,colts,columbia,columbiana,columbiaville,columbine,columbus,colusa,colville,colwich,comanche,comb,combine,comer,comfort,commack,commerce,commercial,como,compton,computer,comstock,concan,concho,concord,concordia,concrete,condon,conestee,conestoga,conesus,conesville,confluence,congers,congress,conifer,conklin,conley,conneaut,conneautville,connell,connells,connellsbg,connellsburg,connellsville,connelly,connellys,connelsville,conner,connersville,connor,conover,conowingo,conrad,conroe,consequences,conshohocken,consq,constable,constantine,continental,contoocook,converse,convoy,conway,conyers,conyngham,cook,cookeville,cooksburg,cookson,cooksville,cookville,cool,coolidge,coolville,coon,cooper,coopers,coopersburg,cooperstown,coopersville,coos,coosada,copake,copalis,copan,cope,copenhagen,copiague,coplay,copley,coppell,copper,copperas,copperhill,copperopolis,coquille,coral,coralville,coram,coraopolis,corapeake,corbett,corbin,corcoran,cordele,corder,cordesville,cordillera,cordova,cordsville,core,corea,corfu,corinne,corinth,cormick,cormorant,corn,cornelia,cornelius,cornell,corner,corners,corning,cornish,cornville,cornwall,corona,coronado,corp,corpus,corral,corrales,correll,corrigan,corry,corryton,cors,corsica,corsicana,corte,cortez,cortland,cortlandt,corunna,corvallis,corwith,cory,corydon,cos,cosby,coshocton,cosmopolis,cost,costa,coste,cotati,coto,cotopaxi,cottage,cottageville,cotter,cottle,cotton,cottondale,cottontown,cottonwd,cottonwood,cottrellville,cotuit,cotulla,couch,couderay,coudersport,coulee,coulterville,counce,council,country,countryside,county,coupeville,court,courtland,cove,coventry,covesville,covina,covington,covis,cowan,cowansville,coward,cowden,cowdrey,coweta,cowgill,cowiche,cowley,cowpens,coxs,coxsackie,coy,coyanosa,coyle,cozad,cpe,crab,craftsbury,cragsmoor,craig,craigmont,craigsville,craine,cramerton,cranberry,cranbury,crandall,crandon,crane,cranesville,cranford,cranston,craryville,crawford,crawfordsville,crawfordsvlle,crawfordville,crawley,cream,creede,creedmoor,creek,creighton,crenshaw,creola,cresaptown,crescent,crescenta,cresco,cresskill,cresson,cressona,crest,crested,crestline,creston,crestview,crestwood,creswell,crete,creve,crewe,crimora,cripple,crisfield,crittenden,crivitz,crocker,crockett,crofton,croghan,croix,cromona,crompond,cromwell,crook,crookston,crooksville,cropseyville,cropwell,crory,crosby,crosbyton,cross,crosse,crossett,crossing,crosslake,crossnore,crossroads,crossville,croswell,crothersville,croton,crowell,crowheart,crowley,crown,crownpoint,crownsville,crows,croydon,crozet,crozier,crp,crst,cruces,crumpler,cruz,crystal,cspgs,ctr,cty,cub,cuba,cucamonga,cudahy,cuddebackville,cuero,culbertson,cullen,culleoka,cullman,culloden,cullowhee,culpeper,culver,cumberland,cumberlnd,cumming,cummings,cummington,cunningham,cupertino,curlew,curran,currie,curtice,curtis,curwensville,cushing,cusick,cusseta,custer,cut,cutchenville,cutchogue,cuthbert,cutler,cutten,cuttingsville,cuyahoga,cv,cy,cylinder,cyn,cynthiana,cynwyd,cypress,d,dacoma,dacono,dacula,dade,dadeville,daggett,dagsboro,dahlgren,dahlonega,dail,daimondhead,daingerfield,daisy,dakota,dalbo,dale,d'alene,daleville,dalhart,dallas,dallastown,dalles,dalmatia,dalton,daly,dalzell,dam,damariscotta,damascus,dame,dameron,dammeron,damon,dams,dan,dana,danbury,danby,dandridge,dane,danforth,dania,daniel,daniels,danielson,danielsville,dannebrog,dansville,danvers,danville,daphne,darby,dardanelle,darden,dardenne,darien,darlington,darnestown,darrington,dartmouth,darwin,dassel,datil,dauphin,davenport,david,davidson,davidsonville,davidsville,davie,davis,davisburg,davison,davisville,dawn,dawson,dawsonville,day,days,dayt,dayton,daytona,dayville,de,deadwood,deal,dealing,deansboro,dearborn,deatsville,deaver,debary,decatur,decaturville,decherd,declo,decorah,dededo,dedham,deep,deephaven,deepwater,deer,deerfield,deering,deerton,deerwood,deeth,defiance,deforest,defuniak,degraff,dekalb,dekota,del,delafield,delancey,delanco,deland,delano,delanson,delaplane,delavan,delaware,delco,delevan,delhi,delia,delight,dell,dells,dellwood,delmar,delmont,delphi,delphos,delran,delray,delta,deltaville,delton,deltona,deluth,demarest,deming,demopolis,demorest,demotte,denair,denaud,dendron,denham,denison,denmark,dennis,dennison,dennisville,dent,denton,denver,denville,depauville,depere,depew,depoe,deport,deposit,depot,deptford,deputy,dequincy,derby,deridder,derma,dermott,derry,derwood,des,descanso,desert,deshler,desmet,desoto,destin,destrehan,detroit,devil,deville,devils,devine,devon,dewey,deweyville,dewitt,dewy,dexter,diamond,diamondhead,diana,diaz,dibble,diberville,diboll,dicke,dickerson,dickey,dickeyville,dickinson,dickson,diego,dietrich,diggs,dighton,dike,dillard,dilley,dilliner,dillingham,dillon,dillsboro,dillsburg,dillwyn,dilworth,dimas,dimmitt,dimondale,dingmans,dinuba,dinwiddie,discovery,disney,disputanta,district,dittmer,divernon,divide,dix,dixfield,dixie,dixon,dixonville,dl,dobbin,dobbins,dobbs,dobson,dodd,dodge,dodgeville,dodson,doe,doeney,doerun,doland,dolgeville,dolomite,dolores,dolton,dona,donahue,donald,donalds,donaldson,donaldsonville,donalsonville,donie,doniphan,donna,donnellson,donnelly,donora,dora,dorado,doral,doraville,dorchester,dorchestr,dorena,dorothy,dorris,dorset,dorsey,dos,dosck,doss,doswell,dothan,double,douglas,douglass,douglassville,douglaston,douglasville,dousman,dove,dover,dow,dowagiac,dowling,downers,downey,downingtown,downs,downsville,dows,doyle,doylestown,doyline,dozier,dpo,dracut,draft,dragoon,drain,drakesboro,drakesville,draper,dravosburg,drayton,dresden,dresher,dresser,drew,drexel,drifting,driftwood,driggs,dripping,drive,drum,drummond,drummonds,drumore,drumright,drums,dry,dryden,dsrt,du,duanesburg,duarte,duartebradbury,dubach,dublin,dubois,dubuque,duchesne,dudley,due,duenweg,duffield,dugger,dugspur,duke,dulce,dulles,duluth,dulzura,dumas,dumfries,dumont,dunbar,dunbarton,dunbridge,duncan,duncannon,duncansville,duncanville,duncombe,dundalk,dundas,dundee,dunedin,dunellen,dunes,dunfermline,dunkerton,dunkirk,dunlap,dunmore,dunn,dunnellon,dunnigan,dunning,dunnsville,dunreith,dunseith,dunsmuir,dunwoody,dupo,dupont,duquesne,duquoin,durand,durango,durant,durham,durhamville,duryea,duson,dutch,dutton,duvall,duxbury,dwight,dyer,dyersburg,dyersville,dyess,dysart,e,e.,eads,eagan,eagar,eagle,eagles,eagleville,earl,earle,earleville,earlham,earlington,earlton,earlville,early,earlysville,earonton,earp,earth,easley,east,eastampton,eastanollee,eastborough,eastbrook,eastchester,eastford,eastham,easthampton,eastlake,eastland,eastman,easton,eastover,eastpoint,eastpointe,eastport,eastsound,eastvale,eastville,eat,eaton,eatonton,eatontown,eatonville,eau,eben,ebensburg,eccles,echo,eckert,eckhart,eclectic,economy,ecorse,ecru,ector,eddington,eddy,eddystone,eddyville,edelstein,eden,edenton,edenville,edgar,edgard,edgartown,edge,edgecomb,edgefield,edgeley,edgemont,edgerton,edgewater,edgewood,edgeworth,edina,edinboro,edinburg,edinburgh,edison,edisto,edmeston,edmond,edmonds,edmonton,edmore,edna,edneyville,edon,edson,edwall,edward,edwards,edwardsburg,edwardsville,effie,effingham,effort,efland,egg,egglewood,egypt,ehrenberg,ehrhardt,eighty,ekalaka,el,eland,elanger,elba,elberfeld,elbert,elberta,elberton,elbow,elbridge,elburn,elder,eldersburg,elderton,eldon,eldora,eldorado,eldred,eldridge,electra,elephant,eleva,elfers,elgin,elida,eliot,elizabeth,elizabethport,elizabethton,elizabethtown,elizabethville,elizaville,elk,elkader,elkhart,elkhorn,elkin,elkins,elkland,elkmont,elko,elkridge,elkton,elkview,elkwood,ell,ellabell,ellaville,ellenboro,ellenburg,ellendale,ellensburg,ellenton,ellenville,ellenwood,ellerbe,ellerslie,ellery,ellettsville,ellicott,ellijay,ellington,ellinwood,elliott,elliottsburg,ellis,ellison,elliston,ellisville,elloree,ellsinore,ellsworth,ellwood,ellyn,elm,elma,elmdale,elmendorf,elmer,elmhurst,elmira,elmo,elmont,elmore,elmsford,elmwood,elna,elnora,elon,elora,eloy,elroy,elsah,elsberry,elsie,elsinore,elsmere,elsternwick,elton,eltopia,elum,elvaston,elverson,elverta,elwood,ely,elyria,elysburg,elysian,embden,emden,emerald,emerson,emery,emigrant,eminence,emlenton,emmaus,emmet,emmetsburg,emmett,emmitsburg,emory,empire,emporia,emporium,en,en6,encampment,encinitas,encino,end,enders,endicott,endwell,enfield,englewood,english,englishtown,enid,enigma,enka,enloe,ennice,ennis,enoch,enochs,enola,enon,enoree,enosburg,enterprise,entiat,enumclaw,ephraim,ephrata,epping,epps,epsom,epworth,equality,equinunk,era,erath,erie,erin,erlanger,errol,erving,erwin,esbon,escalante,escalon,escanaba,escatawpa,escondido,eskridge,esmond,esopus,espanola,esparto,esperance,espoo,essex,essexville,essie,essington,est,estacada,estancia,estates,estelline,ester,estero,estes,esther,estherville,estill,ethel,ethelsville,etlan,etna,etoile,etowah,etten,etters,ettrick,eubank,eucha,euclid,eudora,eufaula,eugene,euharlee,euless,eunice,eupora,eureka,europe,eustace,eustis,eutaw,eutawville,eva,evadale,evans,evanston,evansville,evant,evart,evarts,eveleth,evening,evensville,everest,everett,evergreen,everman,everson,everton,evesham,evington,ew,ewa,ewen,ewensville,ewing,excelsior,exeter,exira,exline,exmore,export,exton,eye,eyota,f,"f.,r.,,germany",fabens,fabius,face,fackler,factoryville,fade,fair,fairacres,fairbank,fairbanks,fairborn,fairburn,fairbury,fairchance,fairdale,fairfax,fairfield,fairhaven,fairhope,fairland,fairlawn,fairlee,fairless,fairmont,fairmount,fairplay,fairport,fairview,fairwater,fairway,faith,falcon,falconer,falfurrias,falkville,fall,fallbrook,falling,fallon,falls,fallsburg,fallsington,fallston,falmouth,fanwood,far,farber,farge,fargeville,fargo,faribault,farland,farley,farmdale,farmer,farmers,farmersburg,farmersville,farmerville,farmingdale,farmington,farmingville,farmland,farms,farmville,farnhamville,farragut,farrell,farson,farwell,fate,faucett,faunsdale,fawn,fawnskin,fayette,fayetteville,fe,fe2,fearrington,feasterville,federal,federalsburg,feeding,felch,felicity,fells,fellsmere,felt,felton,fence,fenelton,fennimore,fennville,fenton,fenwick,ferdinand,fergus,ferguson,feria,fern,fernandina,fernando,ferndale,fernley,fernwood,ferriday,ferris,ferrisburgh,ferron,ferrum,ferry,ferryville,fertile,fessenden,festus,feura,field,fieldale,fielding,fields,fife,filer,fillmore,fincastle,finchville,findlay,findley,fingal,finksburg,finland,finlayson,finley,finleyville,fircrest,fire,firebaugh,firestone,firth,fischer,fisher,fishers,fishersville,fisherville,fishing,fishkill,fishtail,fisk,fiskdale,fitchburg,fithian,fitzgerald,fitzwilliam,fks,fl,flagler,flagstaff,flanagan,flanders,flandreau,flat,flatonia,flats,flatwoods,flaxton,flds,fleetwood,fleming,flemingsburg,flemington,fletcher,flint,flintridge,flintstone,flintville,flippin,flomaton,floodwood,flora,florahome,floral,florala,florence,floresville,florham,florida,florien,florissant,flossmoor,flourtown,flovilla,flower,flowery,flowood,floyd,floydada,floyds,fls,flt,flushing,fogelsville,folcroft,foley,folkston,follansbee,follette,folly,folsom,fond,fonda,fontaine,fontana,fontanelle,foothill,forbes,ford,fordland,fords,fordyce,foreside,forest,forestburgh,forestdale,foresthill,forestport,forestville,forge,foristell,fork,forked,forks,forman,forney,forrest,forreston,forsyth,fort,fortine,fortlauderdale,fortson,fortuna,fortville,fossil,fosston,foster,fosters,fostoria,fouke,fountain,fountainville,four,fourche,fowler,fowlerville,fox,foxboro,foxcroft,foxfield,foxworth,foyil,fpo,framingham,fran,francesville,francis,francisco,francisville,francisvle,franconia,frankenmuth,frankford,frankfort,franklin,franklinton,franklinville,frankston,franksville,frankton,franktown,frannie,fraser,frazee,frazer,frazeysburg,frazier,frd,frederck,frederic,frederica,frederick,fredericksbrg,fredericksburg,fredericktown,fredonia,free,freeburg,freedom,freehold,freeland,freelandville,freeman,freemansburg,freeport,freer,freetown,freeville,freewater,fremont,french,frenchglen,frenchtown,frenchville,fresh,fresno,fresnos,frg,friant,friday,fridley,friedens,friedensburg,friend,friendly,friendship,friendsville,friendswood,friona,fripp,frisco,fritch,fritz,frohna,froid,front,frontenac,frost,frostburg,frostproof,fruit,fruita,fruitdale,fruithurst,fruitland,fruitport,fruitvale,frwtr,fry,fryeburg,fstrvl,ft,ft.,fulda,fulks,fullerton,fulshear,fulsom,fulton,fultondale,fults,fuquay,furlong,furnace,gables,gabriel,gackle,gadsden,gaffney,gage,gahanna,gaheysville,gail,gaines,gainesboro,gainesville,gaithersburg,galata,galax,galena,gales,galesburg,galesville,galeton,galien,galion,galivants,gallatin,galle,galliano,gallipolis,gallitzin,galloway,gallup,galt,galva,galveston,galway,gamaliel,gambier,gambrills,ganado,gans,gansevoort,gap,garber,garden,gardena,gardendale,gardens,gardiner,gardner,gardners,gardnerville,garfield,garibaldi,garland,garnavillo,garner,garnerville,garnet,garnett,garretson,garrett,garrettsville,garrison,garrisonville,garwin,garwood,gary,gas,gasburg,gasconade,gasport,gasquet,gassaway,gaston,gastonia,gate,gates,gatesville,gatlinburg,gatos,gause,gautier,gay,gaylesville,gaylord,gays,gdns,geddes,geff,geigertown,geismar,geneseo,geneva,genevieve,genoa,genola,gentry,gentryville,george,georgetown,georgiana,gepp,gerald,geraldine,gerber,gering,gerlach,german,germanton,germantown,germany,geronimo,gerrardstown,gerry,gervais,gettysburg,getzville,geyserville,ghent,gibbon,gibbonsville,gibbsboro,gibbstown,gibraltar,gibsland,gibson,gibsonburg,gibsonia,gibsonton,gibsonville,giddings,gifford,gig,gila,gilbert,gilberton,gilbertown,gilberts,gilbertsville,gilbertville,gilboa,gilead,gilford,gill,gillespie,gillett,gillette,gillsville,gilman,gilmanton,gilmer,gilmore,gilroy,gilsum,giltner,girard,girardeau,girdler,girt,given,glacier,gladbrook,glade,gladewater,gladstone,gladwin,gladwyne,gladys,glarus,glasco,glasford,glasgow,glassboro,glassport,glastonbury,glatia,gldendale,gleason,gleed,glen,glenallen,glenbeulah,glenbrook,glenburn,glenco,glencoe,glendale,glendive,glendo,glendora,gleneden,glenelg,glenfield,glenford,glenham,glenhaven,glenmont,glenmoore,glenmora,glenn,glennallen,glennie,glennville,glenolden,glenpool,glenrock,glens,glenshaw,glenside,glenview,glenvil,glenville,glenwood,glidden,glide,glo,globe,glorieta,gloster,gloucester,glouster,gloversville,gloverville,glyndon,glynn,gn,gnadenhutten,gobles,goddard,godfrey,godley,goessel,goffstown,golconda,gold,golden,goldendale,goldenrod,goldens,goldfield,goldonna,goldsboro,goldsmith,goldston,goldthwaite,goldvein,goleta,golf,goliad,gonvick,gonzales,goochland,good,goode,goodfield,goodhue,gooding,goodland,goodlettsville,goodlettsvlle,goodman,goodrich,goodridge,goodview,goodville,goodwater,goodwell,goodyear,goose,gorda,gordo,gordon,gordonsville,gordonville,gore,goreville,gorge,gorham,gorum,goshen,gosport,gotha,gothenburg,goulds,gouldsboro,gouverneur,gowanda,gowen,gower,gowrie,grabill,grace,graceville,gracewood,gracey,grady,graeagle,graff,graford,grafton,graham,grahamsville,grain,grainfield,gramercy,gramling,grampian,granada,granbury,granby,grand,grande,grandview,grandville,grandy,grange,granger,grangeville,granite,graniteville,grannis,grant,grantham,granton,grants,grantsburg,grantsville,grantville,granville,grapeland,grapeview,grapevine,grasonville,grass,grassy,grath,gratiot,gratz,gravel,gravette,gravois,graw,grawn,gray,grayland,grayling,grayslake,grayson,graysville,graytown,grayville,great,greater,greeley,greeleyville,greely,green,greenacres,greenback,greenbank,greenbelt,greenbrae,greenbrier,greenbush,greencastle,greendale,greene,greeneville,greenfield,greenfld,greenland,greenlawn,greenleaf,greenport,greens,greensboro,greensburg,greentop,greentown,greenup,greenvale,greenview,greenville,greenwel,greenwell,greenwich,greenwood,greer,greers,gregor,gregorio,gregory,grenada,grenville,gres,gresham,gretna,greybull,greycliff,gridley,griffin,griffith,grifton,grimes,grimesland,grimstead,grindstone,grinnell,griswold,groesbeck,groom,grosse,grosvenordale,groton,grottoes,ground,grove,groveland,groveport,grover,groves,groveton,grovetown,grundy,gruver,grv,guadalupe,gualala,guaynabo,guerneville,guernsey,gueydan,guffey,guide,guilford,gulf,gulfport,gully,gum,gun,gunlock,gunnison,gunter,guntersville,guntown,gurdon,gurley,gurnee,gustine,guthrie,guttenberg,guy,guymon,guys,guysville,guyton,gwynedd,gwynn,gypsum,habra,hachita,hacienda,hackberry,hackensack,hackettstown,hackson,haddam,haddock,haddon,haddonfield,hadenwood,hadley,hadlock,hagan,hager,hagerhill,hagerman,hagerstown,hague,hahira,hahnville,haiku,hailey,haines,hainesport,hainesville,halcottsville,hale,haledon,haleiwa,hales,halesite,halethorpe,haleyville,half,halfmoon,halfway,halifax,hall,hallam,hallandale,hallettsville,hallieford,hallock,hallowell,hallsboro,hallstead,hallsville,halstead,haltom,ham,hamburg,hamden,hamel,hamersville,hamill,hamilton,hamler,hamlet,hamlin,hammon,hammond,hammondsport,hammonton,hampden,hampshire,hampstead,hampton,hamptonville,hamtramck,hanahan,hanalei,hanapepe,hanceville,hancock,hancocks,hand,hanford,hanis,hankinson,hanley,hanna,hannacroix,hannah,hannastown,hannibal,hanover,hanoverton,hanscom,hanska,hanson,hansville,hapeville,happy,harahan,harbeson,harbor,harborcreek,harbors,harbour,hardeeville,hardin,harding,hardington,hardinsburg,hardwick,hardy,hardyville,harford,harker,harkers,harlan,harlem,harleysville,harleyville,harlingen,harlowton,harmony,harned,harold,harpe,harper,harpers,harpersville,harpesville,harpswell,harpursville,harrah,harrells,harriman,harrington,harris,harrisburg,harriseburg,harrison,harrisonburg,harrisonville,harrisville,harrod,harrodsburg,harrogate,harrold,harsens,harshaw,hart,harte,hartfield,hartford,hartfrd,hartington,hartland,hartley,hartman,harts,hartsburg,hartsdale,hartselle,hartshorne,hartsville,hartville,hartwell,hartwick,harvard,harvel,harvest,harvey,harveys,harveysburg,harviell,harwich,harwinton,harwood,hasbrouck,hashville,haskell,haskins,haslet,haslett,hastings,hasty,hat,hatboro,hatch,hatfield,hatley,hattiesburg,haubstadt,haugen,haughton,hauppauge,hauser,haute,hauula,havana,havasu,havelock,haven,haverford,haverhill,haverstraw,havertown,haviland,havre,haw,hawaii,hawaiian,hawarden,hawesville,hawick,hawk,hawkins,hawkinsville,hawks,hawley,hawleyville,haworth,hawthorn,hawthorne,haxtun,hay,hayden,haydenville,hayeard,hayes,hayesville,hayfield,hayfork,haymarket,hayne,haynesville,hays,haysi,haysville,hayti,hayward,haywood,hazard,hazel,hazelhurst,hazelton,hazelwood,hazen,hazle,hazlehurst,hazlet,hazleton,hbr,head,headland,healdsburg,healdton,healthy,hearne,heath,heathrow,heathsville,heavener,heber,hebo,hebron,hecker,hecla,hector,hederson,hedgesville,hedley,hedrick,hedwig,heflin,hegins,heidelberg,height,heights,heightsi,heiskell,heislerville,heisson,helen,helena,helendale,helens,helenwood,helix,hellertown,helmetta,helotes,helton,heltonville,hemet,hemingford,hemingway,hemlock,hemphill,hempshire,hempstead,henagar,henderson,hendersonville,hendersonvlle,hendricks,hendrix,hendrum,henefer,hennepin,hennessey,henniker,henrico,henrietta,henry,henryetta,henryville,hensley,hensonville,hephzibah,heppner,herald,herculaneum,hercules,hereford,herington,herkimer,herman,hermann,hermantown,hermanville,herminie,hermiston,hermitage,hermleigh,hermon,hermosa,hernando,herndon,hero,herod,heron,herrick,herriman,herrin,herron,herscher,hersey,hershey,hertford,hesperia,hesperus,hesston,hettick,hettinger,heuvelton,hewitt,hewlett,heyburn,heyworth,hghlnds,hghts,hgts,hi,hialeah,hiawassee,hiawatha,hibbing,hickman,hickory,hicksville,hico,hidalgo,hidden,hiddenite,hideaway,hidsonville,higdon,higganum,higginsville,high,highland,highlands,highlandville,highmore,highspire,hightstown,highwood,higley,hilbert,hildebran,hildreth,hilger,hilham,hill,hill/mcdavid,hilliard,hillister,hillman,hillpoint,hillrose,hills,hillsboro,hillsborough,hillsdale,hillsgrove,hillside,hillsville,hilltop,hilmar,hilo,hilton,hiltons,hinckley,hindsville,hines,hinesburg,hinesville,hingham,hinkle,hinkley,hinsdale,hinton,hiram,hitchcock,hitchita,hiwassee,hixson,hixton,hl,hlds,hls,ho,hoagland,hobart,hobbs,hobbsville,hobe,hoboken,hobson,hobucken,hochheim,hockessin,hocking,hockley,hodgenville,hodges,hoehne,hoffman,hoffmeister,hohenwald,hoisington,hokah,hokes,holbrook,holcomb,holcombe,holden,holdenville,holderness,holdingford,holdrege,holiday,holladay,holland,hollandale,hollenberg,holley,holliday,hollidaysburg,hollis,hollister,holliston,hollow,hollsopple,holly,hollywood,holmdel,holmen,holmes,holmesville,holstein,holt,holton,holtsville,holtville,holtwood,holualoa,holyoke,holyrood,home,homedale,homelake,homeland,homer,homerville,homestead,hometown,homewood,homeworth,hominy,homosassa,honaker,hondo,honea,honeoye,honesdale,honey,honolulu,honor,hood,hoodsport,hook,hooker,hookerton,hooks,hooksett,hookstown,hoopa,hooper,hoopeston,hoosick,hoover,hopatcong,hope,hopedale,hopewell,hopkins,hopkinsville,hopkinton,hopland,hopwood,hoquiam,horace,horatio,horeb,horicon,horizon,horn,hornbeak,hornbrook,horne,hornell,horner,hornersville,hornick,horntown,horse,horseheads,horseshoe,horsham,horten,hortense,horton,hortonville,hoschton,hoskins,hospers,hot,hotchkiss,houghton,houlton,houma,house,houston,houstonia,houtzdale,hoven,howard,howards,howardsville,howardwick,howe,howell,howes,howey,hoxie,hoyleton,hoyt,hse,hse.,ht,hts,huachuca,hubbard,hubbell,huber,hubert,hubertus,huddleston,hudson,hudsonville,hueneme,hueytown,huffman,huger,huggins,hughes,hughesville,hughson,hughsonville,hugo,hugoton,hulbert,hulett,hull,humansville,humarock,humble,humboldt,hume,humeston,hummelstown,humphrey,humptulips,hunker,hunlock,hunt,hunter,huntersville,huntertown,hunting,huntingburg,huntingdon,huntingtn,huntington,huntingtown,huntland,huntley,hunts,huntsburg,huntsville,hurdle,hurley,hurlock,huron,hurricane,hurst,hurt,hurtsboro,huson,husser,hustonville,hutchins,hutchinson,huttig,hutto,huxley,hville,hvn,hvre,hyannis,hyattsville,hyattville,hyde,hydro,hyndman,hypoluxo,hyrum,hysham,i,iberia,ida,idabel,idaho,idalou,idaville,ider,ideydd,idledale,idlewylde,idleyld,idyllwild,ignace,ignacio,ignatius,ijamsville,ila,ile,iliff,ilion,illinois,ilwaco,imbler,imboden,imlay,imler,immokalee,imperial,in,ina,inarajan,inavale,inchelium,incline,independence,indialantic,indian,indiana,indianapolis,indianola,indiantown,indio,indoe,indpls,indpls.,industry,inez,information,ingalls,ingleside,inglewood,inglis,ingomar,ingram,inigoes,inkom,inkster,inlet,inlt,inman,inn,innsbrook,inola,intercession,intercourse,interlachen,interlaken,interlochen,international,intervale,intire,intl,intyre,inver,inverness,inwood,inyokern,iola,iona,ione,ionia,iowa,ipava,ipswich,ira,iraan,iredell,ireland,irene,ireton,irginia,irinve,irivne,irmo,iron,irondale,irons,ironton,ironwood,iroquois,irrigon,irvine,irving,irvington,irwin,irwindale,is,isaban,isabel,isabella,isanti,iselin,ishpeming,isl,islamorada,island,islandia,islands,isle,isles,islesboro,islip,ismay,issaquah,italy,itasca,ithaca,itta,iuka,iva,ivanhoe,ivel,iverpool,ivey,ivins,ivor,ivoryton,ivy,ivyland,ixonia,j,jacinto,jack,jackman,jackpot,jacksboro,jackson,jacksoncille,jacksons,jacksonvil,jacksonville,jacob,jacobus,jaffrey,jal,jamaica,james,jamesport,jamestown,jamesville,jamieson,jamison,jamul,jane,janeiro,janesville,jansen,jarales,jarrell,jarrettsville,jarvisburg,jasonville,jasper,java,jax,jax.,jaxville,jay,jayess,jayton,jct,jean,jeanerette,jeannette,jeff,jefferson,jeffersonton,jeffersontown,jeffersonville,jeffersonvlle,jekyll,jellico,jelm,jemez,jemison,jena,jenison,jenkins,jenkinsburg,jenkintown,jenks,jenner,jennings,jensen,jeremiah,jericho,jermyn,jerome,jeromesville,jersey,jerseyville,jerusalem,jervis,jessieville,jessup,jesup,jetmore,jeune,jewell,jewett,jiggs,jim,jo,joaquin,joe,joelton,johannesburg,john,johns,john's,johnsburg,johnsbury,johnson,johnsonburg,johnsonville,johnston,johnstown,joice,joint,joliet,jolla,jones,jonesboro,jonesborough,jonesburg,jonesport,jonestown,jonesville,joplin,joppa,jordan,jose,joseph,joshua,jourdanton,joy,jrb,jscksonville,juan,juana,judea,judson,judsonia,julesburg,juliaetta,julian,juliet,juliette,junaluska,junction,june,juneau,juno,junta,juntura,jupiter,jurupa,justice,justin,kadoka,kagel,kahoka,kahului,kailua,kalaheo,kalama,kalamazoo,kalb,kaleva,kalispell,kalkaska,kalona,kamas,kamiah,kampsville,kamuela,kanab,kanawha,kane,kaneohe,kaneville,kankakee,kannapolis,kanorado,kansas,kansasville,kapaa,kapaau,kaplan,kapolei,kapowsin,karlstad,karnack,karnak,karnes,karns,karthaus,karval,kasilof,kasson,katering,kathleen,katonah,katrine,katy,kaufman,kaukauna,kaunakakai,kauneonga,kaw,kayenta,kaysville,keaau,kealakekua,keansburg,kearney,kearneysville,kearny,kearsarge,keatchie,keavy,kechi,kee,keeau,keedysville,keego,keene,kees,keeseville,keesport,keezletown,keithville,keizer,kekaha,kelford,keller,kelleys,kellogg,kelly,kelseyville,kelso,kemah,kemmerer,kemp,kempner,kempton,kenai,kenansville,kenbridge,kendalia,kendall,kendallville,kendrick,kenedy,kenefic,kenilworth,kenly,kenmare,kenmore,kenna,kennan,kennard,kennebec,kennebunk,kennebunkport,kennedale,kennedy,kennedyville,kenner,kennesaw,kenneth,kennett,kennewick,kenney,keno,kenosha,kenova,kensingtn,kensington,kent,kentfield,kentland,kenton,kentucky,kentville,kentwood,kenvil,kenwood,kenyon,kenzie,keo,keokuk,keosauqua,keota,kerby,kerens,kerhonkson,kerkhoven,kerman,kermit,kernersville,kernville,kerrville,kersey,kershaw,keswick,ketchikan,ketchum,kettering,kettle,keuka,kevil,kew,kewadin,kewanee,kewaskum,kewaunee,key,keyes,keymar,keyport,keyser,keystone,keysville,kiawah,kidder,kiel,kihei,kila,kildeer,kilgore,kill,killawog,killbuck,killdeer,killeen,killen,killington,killingworth,kilmarnock,kiln,kim,kimball,kimberling,kimberly,kimberton,kimbolton,kinards,kinde,kinderhook,kindred,king,kingdom,kingfield,kingfisher,kingman,kings,kingsburg,kingsbury,kingsford,kingsland,kingsley,kingsport,kingston,kingstown,kingstree,kingsville,kingwood,kinmundy,kinnelon,kinney,kinsale,kinsley,kinsman,kinston,kintnersville,kinzers,kiowa,kirby,kirbyville,kirkland,kirklin,kirkman,kirksey,kirksville,kirkville,kirkwood,kiron,kirtland,kisco,kissee,kissimmee,kit,kittanning,kittery,kittitas,kittrell,kitty,kitzmiller,klamath,klawock,klingerstown,klmath,knapp,kneeland,kng,knightdale,knights,knightstown,knippa,knob,knobs,knoll,knolls,knot,knotts,knox,knoxville,"knoxville,,tn",kodak,kodiak,kohler,kokomo,kokoo,koloa,kona,konawa,kooskia,kootenai,kopperl,kosciusko,koshkonong,kosse,kotzebue,kountze,kouts,kranzburg,kremlin,kremmling,kresgeville,kronenwetter,krr,krum,kula,kulm,kuna,kunkle,kunkletown,kure,kurtistown,kus,kutztown,kyle,kyles,la,labadie,labelle,lac,lacenter,lacey,laceys,laceyville,lachine,laclede,lacombe,lacon,lacona,laconia,laconner,lacrescent,lacresent,lacrosse,lacy,lacygne,ladera,ladoga,ladson,ladue,lady,lafayette,lafontaine,lago,lagrande,lagrange,lagrangeville,lagro,laguna,lahabra,lahaina,lahaska,laie,laina,laingsburg,laird,lajolla,lake,lakebay,lakefield,lakehead,lakehills,lakehurst,lakeland,lakemont,lakemoor,lakeport,lakes,lakeshore,lakeside,lakeview,lakeville,lakeway,lakewood,lakin,lakota,lamar,lambert,lambertville,lamesa,lamexa,lamirada,lamoine,lamoni,lamont,lamoure,lampasas,lampe,lanark,lancaster,lance,lancey,lancing,land,landenberg,lander,landers,landing,landis,landisville,landrum,lands,lane,lanes,lanesville,lanexa,langdon,langford,langhorne,langley,langlois,langsville,lanham,lannon,lanoka,lansdale,lansdowne,lanse,lansford,lansing,lantana,laotto,lapeer,lapine,laporte,lapuente,lapwai,laquey,laquinta,laramie,larchmont,larchwood,laredo,largo,larimer,larimore,larkspur,larned,larose,larrabee,larsen,larue,larwenceburg,las,lascassas,latham,lathrop,lathrup,laton,latonia,latrobe,latta,lattimore,lattingtown,lauderdale,lauderhill,laughlin,laurel,laurelton,laurelville,laurence,laurens,laurie,laurier,laurinburg,laurium,laurys,lava,lavaca,lavale,lavalette,lavallette,laveen,lavergne,laverne,lavernia,lavon,lavonia,lawai,lawn,lawndale,lawrence,lawrenceburg,lawrenceville,lawson,lawsonville,lawtell,lawton,layton,laytonsville,laytonville,le,lea,leachville,lead,leadville,leaf,league,leakesville,leakey,leamington,lean,leander,leandro,leansboro,leansville,lear,leary,leasburg,leavenworth,leavittsburg,leawood,lebanon,lebo,lecanto,leclaire,lecompton,ledbetter,ledge,ledyard,lee,leechburg,leeds,leelanau,lees,lee's,leesburg,leesport,leesville,leetonia,lefors,lehi,lehigh,lehighton,leicester,leigh,leipsic,leipzig,leitchfield,leiter,leland,lemars,lemasters,lemitar,lemmon,lemon,lemoncove,lemont,lemoore,lemoyne,lempster,lena,lenapah,lenexa,lengby,lennon,lennox,lenoir,lenorah,lenore,lenox,leo,leod,leola,leoma,leominster,leon,leona,leonard,leonardo,leonardtown,leonia,leopold,leoti,leroy,lesage,leslie,lester,lesterville,levan,levant,level,levelland,levering,levittown,lew,lewellen,lewes,lewis,lewisberry,lewisburg,lewisport,lewiston,lewistown,lewisville,lewsville,lexa,lexington,lexington-fayette,libby,liberal,liberty,libertyville,libory,library,lick,licking,lido,light,lightfoot,lighthouse,lignite,lignum,ligonier,lihue,likely,lilburn,lilesville,lillian,lillington,lilliwaup,lilly,lilydale,lima,limerick,limestone,limon,lin,linch,lincolin,lincoln,lincolndale,lincolnshire,lincolnton,lincolnville,lincolnwood,lincroft,lind,linda,lindale,linden,lindenhurst,lindenwold,lindenwood,lindley,lindon,lindrith,lindsay,lindsborg,lindsey,lindstrom,line,lineville,lingle,linn,lino,linthicum,linton,lintz,linville,linwood,lion,lipan,lisbon,liscomb,lisle,lisman,lismore,litchfield,lithia,lithonia,lithopolis,lititz,little,littlefield,littlefork,littleriver,littlerock,littlestown,littleton,live,livermore,liverpool,livingston,livonia,lizella,lk,lks,llano,llewellyn,lloyd,loa,loaf,loami,lobelville,loch,lock,locka,lockbourne,locke,lockeford,lockesburg,lockhart,lockport,lockridge,locks,lockwood,loco,locust,loda,lodge,lodgepole,lodi,log,logan,logandale,logansport,loganton,loganville,lohman,lohn,lohrville,lolo,loma,lombard,lomira,lomita,lomond,lompoc,lonaconing,london,londonderry,lone,lonedell,long,longboat,longbranch,longdale,longlake,longmeadow,longmont,longport,longs,longview,longville,longwood,lonoke,lonsdale,loogootee,lookout,loomis,loon,looneyville,loose,lopez,lorain,loramie,loranger,lords,lore,loreauville,lorena,lorenzo,loretto,lorida,loring,loris,lorraine,lorton,los,losangeles,lost,lostant,lostine,lotawana,lothian,lothrop,lott,lottsburg,lotus,loudon,loudonville,louin,louis,louisa,louisburg,louise,louisiana,louisville,louisville/jefferson,louisvl,loup,louth,lovelady,loveland,lovell,lovelock,loves,lovettsville,loving,lovington,low,lowden,lowell,lowellville,lower,lowes,lowgap,lowman,lowndes,lowndesboro,lowpoint,lowry,lowville,loxahatchee,loxley,loyal,loysburg,loysville,ltl,lu,luana,lubbock,lubec,lucama,lucas,lucasville,lucedale,lucerne,lucie,lucinda,luck,luckey,luderdale,ludington,ludlow,ludowici,lufkin,lugoff,luis,luka,lula,luling,lumber,lumberport,lumberton,lumberville,lummi,lumpkin,luna,lunas,lund,lunenburg,lupton,luray,lure,lusby,lusk,lutcher,luther,luthersburg,luthersville,lutherville,luthervl,luthvle,lutsen,lutz,luverne,luvittown,luxemburg,luz,luzerne,lv,lyford,lykens,lyle,lyles,lyman,lyme,lynbrook,lynchburg,lynco,lyndeborough,lynden,lyndhurst,lyndonville,lynn,lynnfield,lynnville,lynnwood,lynwood,lyon,lyons,lytle,lytton,m.,m.d.,mabank,mabel,mabelvale,maben,mableton,mac,macatawa,macclenny,macclesfield,macdoel,macedon,macedonia,macero,machesney,machester,machias,machipongo,mackay,mackinac,mackinaw,macks,macksville,macomb,macon,macungie,macy,madbury,madden,maddock,madeira,madelia,madera,madill,madison,madisonville,madras,madre,madrid,magalia,magdalena,magee,maggie,magna,magnolia,mahanoy,mahnomen,mahomet,mahopac,mahtomedi,mahwah,maiden,maidens,maine,mainesburg,maineville,maitland,maize,makawao,malabar,malad,malaga,malakoff,malcolm,malcom,malden,malibu,malin,mallard,malone,malott,malta,malvern,malverne,mamaroneck,mammoth,mamou,manahawkin,manakin,manalapan,manasquan,manassa,manassas,manatee,mancelona,manchaca,manchester,mancos,mandan,mandeville,manfld,mango,mangum,manhasset,manhattan,manheim,manila,manistee,manistique,manito,manitou,manitowish,manitowoc,mankato,manlius,mannford,manning,mannington,manns,mannsville,manor,manors,manorville,manquin,mansfield,manson,mantachie,manteca,manteno,manteo,manti,mantoloking,manton,mantua,manuel,manvel,manville,many,manzanita,manzanola,maple,maplesville,mapleton,mapleville,maplewood,maquoketa,maquon,mar,marais,maramec,marana,marathon,marble,marblehead,marblemount,marceline,marcellus,marco,marcola,marcos,marcus,marcy,mardela,marengo,marfa,marg,margar,margaretville,margarita,margate,maria,marianna,maribel,maricopa,marie,marienville,maries,marietta,marilla,marina,marine,marinette,marino,marion,marionville,mariposa,marissa,mark,marked,markesan,market,markham,markle,markleton,marks,marlboro,marlborough,marlette,marlin,marlow,marlton,marmaduke,marmora,marne,marque,marquette,marquez,marrero,marriottsville,marriottsvl,mars,marseilles,marsh,marshall,marshalls,marshalltown,marshallville,marshes,marshfield,marshville,marsing,marston,marstons,mart,martell,martha,marthasville,marthaville,martin,martindale,martinez,martins,martinsburg,martinsdale,martinsville,martinsvlle,martinville,martinvlle,martville,mary,marydel,maryland,marys,marysvale,marysville,maryville,mascot,mascotte,mascoutah,mashpee,mason,masonic,masontown,maspeth,massapequa,massena,massillon,mastic,masury,matador,matagorda,matamoras,matawan,mateca,mateo,matfield,mather,mathews,mathis,mathiston,matilda,matlacha,mattapan,mattapoisett,mattaponi,mattawan,matteson,matthews,mattituck,mattoon,maud,maugansville,maui,mauldin,maumee,maumelle,maurepas,maurertown,maurice,mauriceville,maury,mauston,mawr,max,maxbass,maxeys,maxton,maxwell,may,mayaguez,maybell,maybrook,mayer,mayetta,mayfield,mayflower,mayhill,maynard,maynardville,mayo,mayodan,maypearl,mayport,mays,mayslick,maysville,maytown,mayview,mayville,maywood,mazeppa,mazomanie,mazon,mc,mcadoo,mcalester,mcallen,mcalpin,mcarthur,mcbee,mccall,mccalla,mccammon,mccanna,mcchord,mccleary,mcclellandtwn,mcclellanvle,mccloud,mcclusky,mccomb,mcconelstown,mcconnells,mcconnellsville,mcconnelsville,mccook,mccordsville,mccormick,mccurtain,mcdonald,mcdonough,mcewen,mcfarland,mcgaheysville,mcgehee,mcgill,mcgregor,mchenry,mcintosh,mckees,mckeesport,mckenna,mckenzie,mckinleyville,mckinney,mckinnon,mclean,mcleansville,mcloud,mcminnville,mcmurray,mcneal,mcpherson,mcqueeney,mcsherrystown,mdws,meacham,mead,meade,meadow,meadowbrook,meadowlakes,meadows,meadowview,meadview,meadville,meansville,mears,mebane,mecca,mechanicsburg,mechanicsville,mechanicsvlle,mechanicville,mecklenburg,mecosta,medaryville,mededith,medfield,medford,media,mediapolis,medical,medicine,medina,medinah,medley,medora,medota,medway,meeker,meeteetse,meeting,mehoopany,meigs,melba,melber,melbourne,melfa,melissa,melle,melrose,melvern,melville,melvin,memphis,mena,menahga,menands,menard,menasha,mendenhall,mendham,mendocino,mendon,mendota,menifee,menlo,menno,meno,menominee,menomonee,menomonie,mentmore,mentone,mentor,mequom,mequon,mer,meraux,merced,mercedes,mercer,mercersburg,mercerville,merchantville,mere,meredith,meridale,meriden,meridian,meridianville,merigold,merillan,merino,merion,merkel,merlin,merriam,merrick,merrifield,merrill,merrillan,merrillville,merrimac,merrimack,merriman,merrionette,merritt,merryville,mertzon,mertztown,mesa,meshoppen,mesick,mesilla,mesquite,metaire,metairie,metaline,metamora,meter,methuen,metropolis,metter,metuchen,mexia,mexico,meyers,meyersdale,miami,miamisburg,miamitown,micanopy,micaville,micco,michael,michaels,michiana,michie,michigan,mickleton,mico,middle,middleboro,middlebourne,middlebrg,middlebrook,middleburg,middleburgh,middlebury,middlefield,middleport,middlesboro,middlesex,middleton,middletown,middleville,midland,midlothian,midvale,midville,midway,midwest,mifflin,mifflinburg,mifflintown,mifflinville,miguel,mikado,milaca,milam,milan,milano,milbank,milbridge,milburn,mildland,mile,miles,milesburg,milford,mililani,mill,milladore,millan,millboro,millbrae,millbrook,millburn,millbury,milledgeville,millen,miller,millers,millersburg,millersport,millerstown,millersview,millersville,millerton,milligan,milliken,millington,millinocket,millis,millmont,millport,millry,mills,millsap,millsboro,millstadt,millstone,milltown,millville,millwood,milmine,milner,milo,milon,milpitas,milroy,milton,miltonvale,milwaukee,milwaukie,mimbres,mims,mina,minburn,minco,minden,mindenmines,mindoro,mine,mineola,mineral,minerva,mines,minette,minford,mingo,mingus,minisink,minneapolis,minneola,minneota,minnesota,minnetonka,minnville,minoa,minocqua,minong,minonk,minooka,minot,minster,mint,mio,mira,miracle,mirada,mirage,miramar,mirando,miromar,mirror,mishawaka,mishicot,missile,mission,mississippi,missoula,missouri,mitchell,mitchellville,mize,mizpah,mls,mnanssas,mnr,moab,moapa,moatsville,mobeetie,moberly,mobile,mobridge,moca,mocksville,mode,model,modena,modesto,modoc,moffat,moffett,moffit,mogadore,mohall,mohave,mohawk,mohegan,mohnton,mohrsville,moille,moines,mojave,mokelumne,mokena,molalla,molena,moleta,moline,molino,molinos,mollusk,molt,momence,monaca,monahans,monarch,moncks,monclova,moncure,monee,monessen,moneta,monett,monetta,monica,monitor,monkey,monkton,monmouth,monon,monona,monongah,monongahela,monroe,monroeville,monrovia,mons,monsey,monson,mont,montague,montalba,montara,montauk,montchanin,montclair,monte,monteagle,montebello,montecito,montello,monterey,montesano,montevallo,montevideo,montezuma,montgomery,montgomry,monticello,montmorenci,montour,montoursville,montpelier,montpeller,montr,montreat,montrose,montross,montvale,montverde,montville,monument,moodus,moody,moon,moorcroft,moore,moorefield,mooreland,moores,mooresburg,moorestown,mooresville,mooreville,moorhead,mooringsport,moorland,moorpark,moose,moosic,moosup,mora,moraga,moraine,morattico,moravia,moravian,moreauville,morehead,moreland,morenci,moreno,morgan,morganfield,morganton,morgantown,morganville,morganza,moriarty,moriches,morley,mormon,moro,morongo,moroni,morral,morrice,morrill,morrilton,morris,morrisdale,morrison,morrisonville,morriston,morristown,morrisville,morro,morrow,morrowville,morse,morton,mosca,moscow,moseley,moselle,moses,mosheim,mosier,mosinee,moss,mossyrock,motley,mott,motte,mottville,moulton,moultonborough,moultrie,mound,mounds,moundsville,moundville,mount,mountain,mountains,mountainside,mountlake,mountville,mouthcard,moville,moweaqua,moxee,moyock,msn,mt,mt.,mt.juliet,mtn,mtng,muenster,mufreesboro,mukilteo,mukwonago,mulberry,muldoon,muldrow,muleshoe,mulga,mulino,mulkeytown,mullens,mullett,mullica,mullins,mullinville,multonborough,mulvane,mumford,muncie,muncy,mundelein,munden,munds,munford,munfordville,munhall,munich,munising,munith,munroe,munster,murchison,murdo,murdock,murfreesboro,murieta,murphy,murphys,murphysboro,murray,murrayville,murrells,murrieta,murrysville,murtaugh,muscadine,muscatine,muscle,muscoda,musella,muskego,muskegon,muskogee,mussey,mustang,muttontown,mutual,my,myakka,myers,myerstown,myersville,myrtle,mystic,myton,n,n.,naches,nacoche,nacogdoches,nacoochee,nada,nags,naguabo,nahant,nahunta,naknek,nampa,nancy,nanticoke,nantucket,nanty,nanuet,napa,napakiak,naperville,naples,napoleon,nappanee,nara,narberth,naremburn,narragansett,narrows,narrowsburg,narvon,naselle,nash,nashotah,nashport,nashua,nashville,nashville-davidson,nashwauk,nassau,nassawadox,natalia,natchez,natchitoches,nathalie,nathrop,natick,nation,national,natrona,naturita,naubinway,naugatuck,naughton,nauvoo,naval,navarre,navasota,naylor,nazareth,neal,neals,nebo,nebraska,neches,neck,nederland,needham,needles,needmore,needville,neelyville,neenah,negaunee,negley,nehalem,neillsville,nekoosa,neligh,nellysford,nelson,nelsonia,nelsonville,nemo,nentone,neodesha,neoga,neola,neosho,neotsu,nephi,neponset,neptune,nesbit,nesconset,nescopeck,neshanic,nesquehoning,nest,nett,nevada,neversink,nevis,new,newalla,newark,newaygo,newberg,newbern,newberry,newborn,newburg,newburgh,newbury,newburyport,newcastle,newcomerstown,newell,newellton,newfane,newfield,newfoundland,newhall,newington,newjersey,newkirk,newland,newman,newmanstown,newmarket,newnan,newport,newry,news,newton,newtonville,newtown,newville,ney,nezperce,niagara,niantic,nibley,nicasio,niceville,nicholasville,nicholls,nichols,nicholson,nickelsville,nicolaus,nicoma,nido,niguel,nikiski,niles,nimitz,nine,nineveh,ninilchik,ninnekah,ninole,niobrara,niota,nipomo,niskayuna,nisswa,nitro,niverville,niwot,nixa,nixon,nlr,no.,noble,nobleboro,noblesville,nocona,nodaway,noel,nogales,nokesville,nokomis,nolanville,nolensville,nome,nooksack,nora,norborne,norcatur,norco,norcross,nordheim,norfolk,norfork,normal,normalville,norman,normandy,normangee,norridge,norridgewock,norris,norristown,norte,north,"north,canton,,oh",northampton,northborough,northbridge,northbrook,northfield,northford,northglenn,northlake,northport,northridge,northumberland,northumberlnd,northvale,northville,northwood,norton,nortonville,norvell,norwalk,norway,norwell,norwich,norwood,noster,notre,nottawa,nottingham,nottoway,notus,nova,novato,novelty,novi,novice,nowata,noxen,n-richland,nsw,nucla,nuevo,nunica,nunn,nuremberg,nutley,nuys,nw,ny,nya,nyack,nyc,nyssa,o,o.,oak,oakboro,oakbrook,oakdale,oakes,oakesdale,oakfield,oakhurst,oakland,oakley,oakly,oaklyn,oakmont,oakridge,oaks,oakton,oakville,oakwood,oberlin,oberon,obisp,obispo,oblong,ocala,occidental,ocean,oceana,oceano,oceanport,oceanside,ochlocknee,ocilla,ocklawaha,ocoee,oconomowoc,oconto,odebolt,odell,odem,odenton,odenville,odessa,odin,odon,odonnell,odum,oelrichs,oelwein,of,ofallon,o'fallon,off,offutt,ogallala,ogden,ogdensburg,ogema,ogilvie,oglala,oglesby,oglethorpe,ogunquit,ohatchee,ohcincinnati,ohio,oil,ojai,okanogan,okarche,okatie,okauchee,okawville,okc,okclahoma,okeana,okeechobee,okeene,okemah,okemos,oklahoma,oklee,okmulgee,okoboji,olaf,olalla,olamon,olancha,olar,olathe,olaton,olcott,old,oldfield,oldham,olds,oldsmar,oldtown,oldwick,olean,olga,olin,olive,olivehill,olivehurst,oliver,olivet,olivette,olivia,olivos,olla,ollie,olmitz,olmsted,olmstedville,olney,olsburg,olton,olympia,olyphant,omaha,omak,omena,omro,on,ona,onaga,onalaska,onamia,onancock,onarga,onaway,oneco,oneida,oneill,o'neill,onekama,oneonta,onge,onida,onley,onset,onslow,onsted,ontario,ontonagon,oolitic,oologah,ooltewah,oostburg,opa,opelika,opelousas,ophelia,opp,oppelo,oquawka,oquossoc,or,orab,oracle,oradell,oran,orange,orangeburg,orangevale,orangeville,orbisonia,orch,orchard,orchards,orchd,ord,orderville,ordway,ore,orefield,oregon,oregonia,oreland,orem,orford,orfordville,organ,orick,orient,oriental,orinda,orion,oriskany,oriville,orland,orlando,orleans,ormond,ormsby,ormy,orneville,oro,orofino,orondo,orono,oronoco,oronogo,orosi,orovada,oroville,orr,orrick,orrington,orrs,orrstown,orrtanna,orrville,orting,ortly,ortonville,orwell,orwigsburg,osage,osakis,osawatomie,osborne,osburn,oscar,osceola,osco,oscoda,osgood,oshkosh,oskaloosa,oslo,oso,osos,osprey,osseo,ossian,ossineke,ossining,ossipee,osteen,osterburg,osterville,ostrander,oswego,osyka,otego,othello,otis,otisfield,otisville,otley,otsego,ottawa,otter,otterbein,ottertail,otterville,otto,ottsville,ottumwa,otway,otwell,ouray,outing,outlook,ovando,overbrook,overgaard,overland,overton,ovett,ovid,oviedo,ovilla,owaneco,owasso,owatonna,owego,owens,owensboro,owensville,owings,owingsville,owosso,oxford,oxnard,oxon,oyster,ozark,ozona,ozone,p,paauilo,pablo,pace,pacheco,pacific,pacifica,pacoima,padigona,padre,paducah,page,pageland,pagosa,pahala,pahoa,pahokee,pahrump,paia,paicines,paige,painesville,paint,painted,paintsville,paisley,palacios,palatine,palatka,palermo,palestine,palisade,palisades,palm,palma,palmdale,palmer,palmerdale,palmersville,palmerton,palmetto,palmhurst,palms,palmview,palmyra,palo,palomar,palos,paltz,pampa,pamplico,pamplin,pana,panaca,panacea,panama,panasoffke,panasoffkee,pandora,pangburn,panhandle,panora,panorama,pantego,paola,paoli,paonia,papillion,parachute,paradise,paradox,paragould,paramount,paramus,pardeeville,paris,parish,parishville,park,parkdale,parker,parkerfield,parkers,parkersburg,parkesburg,parkin,parkland,parks,parkston,parksville,parkton,parkville,parlier,parlin,parma,parnell,parowan,parrish,parrottsville,parshall,parsippany,parsons,parsonsburg,parsonsfield,part,partlow,pasadena,pascagoula,pasco,pascoag,paso,pass,passaic,passumpsic,patagonia,pataskala,patchogue,patent,pateros,paterson,path,paton,patricio,patrick,patriot,patterson,pattersonville,pattison,patton,pattonville,paul,paula,paulden,paulding,paulina,pauline,paullina,pauls,paulsboro,pauma,pavilion,pavillion,pavo,paw,pawcatuck,pawhuska,pawleys,pawling,pawnee,pawtucket,paxinos,paxton,payette,payne,paynesville,payson,pc,pe,pea,peabody,peach,peachland,peachtree,peaks,peapack,pearce,pearcy,pearisburg,pearl,pearland,pearlington,pearsall,pearson,peaster,pebble,pecatonica,peck,pecks,peckville,peconic,pecos,peculiar,pedricktown,pedro,peebles,peekskill,pegram,pekin,pelahatchie,pelham,pelican,pelion,pelkie,pell,pella,pellston,pelzer,pemberton,pemberville,pembina,pembine,pembroke,pen,penacook,penbrook,pencil,pencilneck,pendelton,pender,pendergrass,pendleton,penelope,penfield,penhook,peninsula,penllyn,penn,penndel,pennellville,penney,penngrove,pennington,pennock,penns,pennsauken,pennsburg,pennsville,pennsylvania,pennville,penobscot,penrose,penryn,pensacola,pentwater,peoria,peosta,peotone,pepin,pepper,pepperell,pequannock,pequea,pequot,peralta,perdido,pere,peres,perham,perkasie,perkins,perkinston,perkinsville,perkiomenville,perkiomenvlle,perrineville,perrinton,perris,perronville,perry,perryopolis,perrysburg,perrysville,perryton,perryville,persia,perth,peru,peshtigo,petal,petaluma,pete,peter,peterborough,peters,petersburg,peterson,peterstown,petoskey,petroleum,petros,pettibone,pettigrew,pettisville,pevely,pewamo,pewaukee,pewee,peyton,pfafftown,pflugerville,pharr,pheasant,phelan,phelps,phenix,pherson,phil,phila,philadelphia,philip,philipp,philippi,philippines,philipsburg,phillips,phillipsburg,phillipston,philo,philomath,philomont,philpot,phippsburg,phoenicia,phoenix,phoenixville,phyllis,picayune,pickens,pickerington,pickrell,pickstown,pickton,pico,pie,piedmont,piedra,piedras,pier,pierce,pierceton,piermont,pierpont,pierre,pierson,pierz,pigeon,piggott,pike,pikesville,piketon,pikeville,pilesgrove,pilger,pillager,pilot,pima,pinckney,pinckneyville,pinconning,pine,pinecrest,pinedale,pinehurst,pinellas,pines,pinesdale,pinetop,pinetta,pineview,pineville,pinewood,piney,pingree,pink,pinnacle,pinole,pinon,pinopolis,pinson,pinto,pioche,pioneer,pipe,pipersville,pipestone,piqua,piscataway,pisgah,pismo,pitcher,pitman,pittgsburg,pittsboro,pittsburg,pittsburgh,pittsfield,pittsford,pittsgrove,pittston,pittstown,pittsview,pittsville,pixley,pk,pl,place,placentia,placerville,placid,placida,placitas,plain,plaine,plaines,plainfield,plains,plainsboro,plainview,plainville,plainwell,plaistow,planada,plandome,plano,plant,plantation,plantersville,plantsville,plaquemine,plata,plato,platte,platteville,plattsburg,plattsburgh,plattsmouth,plaucheville,play,playa,pleasant,pleasanton,pleasantville,pleasureville,plentywood,plevna,plm,plns,plover,pls,plsds,plumas,plume,plummer,plymouth,plympton,pnes,poca,pocahontas,pocasset,pocatello,pocola,pocomoke,pocono,poestenkill,poinciana,point,pointblank,pointe,points,poland,pole,polk,polkton,pollock,pollocksville,pollok,polo,polson,pomaria,pomeroy,pomfret,pomona,pompano,pompton,ponca,ponce,poncha,ponchatoula,pond,ponder,ponte,pontiac,pontotoc,pony,pool,pooler,poolesville,poolville,pope,poplar,poplarville,poquoson,port,portage,portal,portales,porte,porter,porterdale,porterfield,portersville,porterville,portland,portlandville,portola,ports.,portsmouth,portville,porum,posen,poseyville,post,postville,poteau,poteet,poth,potlatch,potomac,potosi,potrero,potsdam,potter,pottersdale,pottersville,potterville,pottsboro,pottstown,pottsville,potwin,poughkeepsie,poughquag,poulan,poulsbo,pound,pout,poway,powder,powderly,powell,power,powers,powhatan,pownal,poynette,pr,prado,prague,praire,prairie,prairieville,prather,pratt,prattsburgh,prattsville,prattville,pray,preble,preemption,premont,prentice,prentiss,prescott,presque,presto,preston,prestonsburg,pretty,price,prichard,pride,priest,primghar,prince,princess,princeton,princeville,prineville,pringle,prinsburg,prior,prnc,proberta,proctor,proctorville,programmer,prompton,prong,prophetstown,prospect,prosper,prosperity,prosser,protection,protem,provdence,provencal,providence,providnce,provo,prt,prudenville,prunedale,prussa,prussia,pryor,psl,pt,pueblo,puente,pukalani,pulaski,pullman,punta,punxsutawney,purcell,purcellville,purchase,purdin,purdon,purdys,purlear,purling,purvis,puryear,putnam,putney,puxico,puyallup,pylesville,quail,quaker,quakertown,quanah,quantico,quapaw,quarryville,quartz,quartzsite,quay,queen,queeney,queens,queensbury,queenstown,quemado,quilcene,quinby,quincy,quinlan,quinnesec,quinta,quinter,quinton,quinwood,quitman,quivira,quogue,quoin,r,raceland,racine,radcliff,radcliffe,radford,radium,radnor,raeford,rafael,ragley,rahway,rail,rainbow,rainier,rainsville,raleigh,ralph,ralston,ramah,ramer,ramon,ramona,ramseur,ramsey,ranburne,ranch,ranches,ranchester,rancho,ranchos,rancocas,randallstown,randle,randleman,randolph,random,range,rangeley,rangely,ranger,rankin,ransom,ranson,rantoul,raphine,rapid,rapids,raritan,rathdrum,ratin,ratliff,raton,ravena,ravenden,ravenel,ravenna,ravenswood,rawlins,rawson,ray,rayland,rayle,raymond,raymondville,raymore,rayne,raynesford,raynham,raysville,raytown,rayville,rch,rcho,rchy,rdg,rds,readfield,reading,readsboro,ready,readyville,reardan,reasnor,recovery,rector,red,reddick,redding,reddino,redfield,redford,redington,redlands,redmond,redngton,redondo,redwood,reed,reedley,reeds,reedsburg,reedsport,reedsville,reedville,reedy,reelsville,reese,reeseville,reeves,regan,register,rego,rehoboth,reidsville,reidville,reinbeck,reinholds,reisterstown,reliance,rembrandt,remer,reminderville,remington,remlap,remsen,remsenburg,remus,renfrew,reno,rensselaer,rensselaerville,renton,rentz,renville,renwick,republic,republican,requested,resaca,rescue,reseda,reserve,rest,reston,retreat,reunion,reva,revere,rewey,rex,rexburg,rexford,rey,reyes,reynolds,reynoldsburg,reynoldsville,rhine,rhinebeck,rhineland,rhinelander,rhoadesville,rhodesdale,rhome,rialto,ribera,rica,rice,riceville,richards,richardson,richardton,richboro,richburg,richey,richeyville,richfield,richland,richlands,richlandtown,richlnd,richmond,richmondville,richton,richview,richville,richwood,rico,riddle,riddlesburg,ridge,ridgecrest,ridgedale,ridgefield,ridgeland,ridgeley,ridgely,ridgeville,ridgeway,ridgewood,ridgway,riding,ridley,ridott,riegel,riegelsville,riegelwood,riesel,riest,rifle,rifton,rigby,riggins,rightcity,riley,rimersburg,rimforest,rimrock,rincon,rindge,riner,rineyville,ringgold,ringle,ringoes,ringtown,ringwood,rio,ripley,ripon,ririe,rising,rison,rittman,ritzville,riv,riva,rivber,river,rivera,riverbank,riverdale,riverhead,rivers,riverside,riverton,rivervale,riverview,river-winfree,riverwoods,rives,riviera,rixeyville,rk,rllng,rls,rncho,rnh,roach,road,roads,roaming,roan,roann,roanoke,roaring,robards,robbins,robbinsdale,robbinston,robbinsville,robert,roberts,robertsdale,robertson,robertsville,robesonia,robins,robinson,robles,robstown,robstownn,roca,rochdale,rochelle,rochert,rochester,rock,rockaway,rockbridge,rockdale,rockfall,rockfield,rockford,rockham,rockholds,rockingham,rockland,rockledge,rocklin,rockmart,rockport,rocks,rocksprings,rockton,rockvale,rockville,rockvl,rockwall,rockwell,rockwood,rocky,rodman,rodney,roebling,roebuck,roeland,roff,rogers,rogerson,rogersville,rogue,rohnert,rohrersville,rojo,roland,rolesville,rolette,rolla,rolling,rolls,romance,romayor,rome,romeo,romeoville,romney,romulus,ronan,ronceverte,ronda,ronkonkoma,ronks,roodhouse,roopville,roosevelt,rootstown,roper,ropesville,rosa,rosalia,rosamond,roscoe,roscommon,rose,roseau,roseboro,rosebud,roseburg,rosebush,rosedale,roseland,roselle,rosemary,rosemead,rosemont,rosemount,rosenberg,rosendale,roseville,rosewood,rosharon,rosholt,rosiclare,roslindale,roslyn,rosman,ross,rossmoor,rosston,rossville,roswell,rotan,rothschild,rotonda,rouge,rougemont,rough,roulette,round,roundhill,roundup,rouses,rowdy,rowe,rowesville,rowland,rowlett,rowley,roxana,roxboro,roxbury,roxie,roy,royal,royalston,royalton,royersford,royse,royston,rozel,rozet,rsf,rst,rubicon,ruby,rucker,ruckersville,rudd,rudolph,rudyard,ruffin,ruffs,rufus,rugby,ruidoso,rulo,ruma,rumford,rumsey,rumson,run,runaway,runnells,runnemede,running,rupert,rural,rush,rushford,rushsylvania,rushville,rusk,ruskin,russell,russells,russellville,russiaville,rustburg,ruston,ruther,rutherford,rutherfordton,rutheron,rutland,rutledge,rv,rydal,ryderwood,rye,ryegate,s,s.,s.ozone,sa,saba,sabattus,sabetha,sabillasville,sabina,sable,sabot,sabula,sac,sachse,saco,sacramento,saddle,sadler,sadsburyville,saegertown,safety,safford,sag,sagamore,saginaw,sagle,sagola,sahuarita,saint,sainte,saipan,saksk?bing,salado,salamanca,salcha,salem,salemburg,salerno,salesville,salford,salida,salina,salinas,saline,salisbury,salix,salkum,salle,sallis,sallisaw,salmon,salol,salome,salonga,salt,saltillo,salton,saltsburg,saltville,saluda,salvisa,salyer,salyersville,sammamish,samson,san,sanborn,sanbornton,sanbornville,sand,sandborn,sanderson,sandersville,sandhill,sandia,sandoval,sandown,sandpoint,sands,sandsky,sandston,sandstone,sandusky,sandwich,sandwichs,sandy,sandyston,sanford,sanger,sanibel,sanilac,santa,santaquin,santee,santo,santurce,sapello,sapphire,sappington,sapulpa,sarah,sarahsville,saraland,saranac,sarasota,saratoga,sardinia,sardis,sarepta,sargent,sargentville,sarona,sartell,sarver,sassamansville,sasser,satellite,satsop,satsuma,saucier,saudi,saugatuck,saugerties,saugus,sauk,saukville,sault,saunderstown,saunemin,sauquoit,sausalito,saute,sautee,savage,savannah,savonburg,savoy,sawyer,saxon,saxonburg,saxton,saybrook,saylorsburg,sayner,sayre,sayreville,sayville,sbaspopol,scaly,scandia,scappoose,scarborough,scarsdale,scarville,schaefferstown,schaefferstwn,schaghticoke,schaller,schaumburg,schellsburg,schenectady,schenevus,schererville,scherr,schertz,schiller,schleswig,schnecksville,schodack,schofield,schoharie,schoolcraft,schriever,schroeder,schroon,schulenburg,schuyler,schuylerville,schuylkill,schwenksville,science,scio,sciota,scipio,scituate,scobey,scotch,scotia,scotland,scott,scottdale,scotts,scottsbluff,scottsboro,scottsburg,scottsdale,scottsville,scottville,scranton,screven,scribner,scroggins,scurry,sea,seabeck,seabrook,seadrift,seaford,seagoville,seagraves,seagrove,seahurst,seal,seale,sealy,seaman,searchlight,searcy,searsmont,searsport,seaside,seasons,seatac,seaton,seattle,seaview,sebago,sebastian,sebastopol,sebec,sebeka,sebewaing,sebree,sebring,secane,secaucus,secretary,section,sedalia,sedan,sedgwick,sedley,sedona,sedro,seekonk,seeley,seffner,seguin,segundo,sehvill,seibert,seiling,sekiu,selah,selby,selbyville,selden,seligman,selinsgrove,selkirk,sellersburg,sellersville,selma,selmer,seltzer,seminary,seminole,semmes,semora,senath,senatobia,seneca,senecaville,senoia,sentinel,sequim,sereno,sergeant,sesser,set,setauket,settlement,seven,severance,severn,severna,severy,sevier,sevierville,seville,sewanee,seward,sewaren,sewell,sewickley,seymour,sh,shabbona,shade,shadow,shady,shadyside,shafer,shafter,shaftsbury,shaker,shakopee,shalimar,shallotte,shallowater,shamokin,shamong,shamrock,shandaken,shanksville,shapleigh,sharon,sharonville,sharps,sharpsburg,sharpsville,sharptown,shartlesville,shasta,shattuc,shattuck,shavano,shaver,shavertown,shawano,shawnee,shawneetown,shawsville,sheboygan,shedd,sheer,sheffield,shelbina,shelburn,shelburne,shelby,shelbyville,sheldon,shell,shelley,shellsburg,shelocta,shelter,shelton,shenandoah,shendoah,shepherd,shepherdstown,shepherdsville,"shepherdsville,,ky,40165",shepherdsvlle,sherborn,sherburn,sherburne,sheridan,sherman,shermans,sherrard,sherrill,sherrills,sherrodsville,sherwood,shevlin,shickley,shickshinny,shillington,shiloh,shiner,shingle,shinglehouse,shingletown,shinnston,shiocton,ship,shipman,shippensburg,shippenville,shippingport,shipshewana,shiremanstown,shirley,shirleysburg,shoal,shoals,shock,shoe,shoemakersville,shohola,shokan,shoot,shore,shoreham,shoreline,shores,shoreview,shorewood,short,shortsville,show,shreveport,shrewsbury,shrs,shubuta,shullsburg,shumway,shunk,shushan,sibley,sicily,sicklerville,side,siding,sidman,sidney,sidon,siena,sierra,sierraville,sigel,signal,sigorney,sigourney,sikes,sikeston,siler,siletz,silex,sill,siloam,silsbee,silt,silver,silverado,silverdale,silverhill,silverlake,silverthorne,silverton,"silverton,",silverwood,silvis,simi,simla,simmesport,simms,simons,simonton,simpson,simpsonville,sims,simsbury,sinai,sinclair,sinclairville,singapore,singer,sinking,sinton,sioux,sisseton,sister,sisters,sistersville,sitka,six,skagway,skamania,skandia,skaneateles,skellytown,skiatook,skidmore,skillman,skipwith,skokie,skowhegan,skull,sky,skykomish,skytop,slade,slanesville,slate,slater,slatersville,slatervle,slatington,slaton,slaughter,slayton,slc,sleep,sleepy,slidell,sligo,slinger,slingerlands,slippery,sloan,sloatsburg,slocomb,slocum,slovan,slphr,smackover,smallwood,smartsville,smethport,smicksburg,smiley,smith,smithdale,smithers,smithfield,smithland,smiths,smithsburg,smithton,smithtown,smithville,smyrna,sn,sneads,sneedville,snellville,snohomish,snook,snoqualmie,snover,snow,snowflake,snowmass,snyder,soap,sobieski,sobrante,social,society,socorro,soda,soddy,sodus,soil,soiux,solana,soldiers,soldotna,solebury,soledad,solomon,solomons,solon,solsberry,solvang,solvay,solway,somerdale,somers,somerset,somersworth,somerton,somerville,somis,somonauk,sonoita,sonoma,sonora,soperton,sophia,soquel,sorento,soring,soronto,sorrento,soso,soto,souderton,soulsbyville,sound,sour,south,southampton,southaven,southborough,southbridge,southbury,southeastern,southern,southfield,southfields,southgate,southington,southlake,southold,southport,southside,southwest,southwick,spa,spalding,spanaway,spangle,spanish,sparkill,sparks,sparland,sparr,sparrow,sparrowbush,sparrows,sparta,spartanburg,spartansburg,spaulding,spavinaw,spearfish,spearman,spearsville,speculator,speedway,speedwell,spencer,spencerport,spencerville,speonk,sperry,sperryville,spg,spgs,sphr,spiceland,spicer,spicewood,spindale,spirit,spiritwood,splendora,spofford,spokane,spooner,spotswood,spotsylvania,spout,spr,sprague,sprakers,spray,sprgs,spring,springboro,springbrook,springdale,springer,springerville,springfield,springfld,springhill,springlake,springport,springs,springtown,springvale,springview,springville,springwater,sprng,spruce,spur,sq,squantum,squar,square,squaw,squires,st,st.,st.augustine,st.charles,st.cloud,st.louis,st.pete,sta,staatsburg,stacy,stafford,staffordsville,stagecoach,stahlstown,staley,stallings,stamford,stamping,stamps,stanaford,stanardsville,stanberry,stanchfield,standish,stanfield,stanford,stanfordville,stanhope,stanley,stanleytown,stansbury,stanton,stantonsburg,stanville,stanwood,staples,stapleton,star,starbuck,stark,starke,starks,starkville,starkweather,start,startex,state,stateline,staten,states,statesboro,statesville,statham,station,station/,staunton,stayton,ste,ste.,steamboat,stearns,stedman,steele,steeles,steelton,steelville,steens,steep,steger,steilacoom,stein,stella,stem,stephen,stephens,stephenson,stephentown,stephenville,sterling,sterlington,sterrett,stetson,steubenville,stevens,stevenson,stevensville,stevinson,stewardson,stewart,stewarts,stewartstown,stewartsville,stewartville,stickney,stigler,stika,still,stillman,stillwater,stilwell,stinnett,stinson,stirling,stites,stittville,stockbridge,stockdale,stockertown,stockholm,stockport,stockton,stoddard,stokesdale,stone,stoneboro,stoneham,stoneville,stonewall,stonington,stony,storden,storm,stormville,storrs,story,stottville,stoughton,stout,stoutsville,stover,stow,stowe,stowell,stoystown,strafford,strasburg,stratford,stratham,strathmore,strattanville,stratton,strawberry,strawn,stream,streamwood,streator,street,streetman,streetsboro,string:midlothian,strong,strongstown,strongsville,stroud,stroudsburg,strunk,struthers,stryker,strykersville,stuart,stuarts,studio,studley,sturbridge,sturdivant,sturgeon,sturgis,sturkie,sturtevant,stuttgart,stuyvesant,suamico,sublette,sublime,sublimity,succasunna,success,suches,sudan,sudbury,sudlersville,sueur,suffern,suffield,suffolk,sugar,sugarcreek,sugarloaf,sugartown,suisden,suisun,suitland,sulligent,sullivan,sullivans,sully,sulphur,sultan,sumas,sumerduck,summer,summerdale,summerfield,summerhill,summerland,summers,summerset,summersville,summerton,summertown,summerville,summit,summrlnd,sumner,sumpter,sumrall,sumter,sun,sunapee,sunbright,sunburst,sunbury,sundance,sunderland,sundown,sunflower,sunland,sunman,sunny,sunnyside,sunnyvale,sunol,sunrise,sunriver,sunset,superior,supply,surf,surfside,surgoinsville,suring,surprise,surrency,surrey,surry,susanville,susquehanna,sussex,sutersville,sutherland,sutherlin,sutter,sutton,suttons,suwanee,suwannee,suzy,sw,swainsboro,swampscott,swan,swannanoa,swans,swansboro,swansea,swanton,swanville,swanzey,swarthmore,swartz,swayzee,swedesboro,sweeny,sweet,sweetser,sweetvalley,sweetwater,swepsonville,swisher,switch,switzerland,switzrlnd,swoope,swords,swoyersville,sycamore,sydney,sykesville,sylacauga,sylmar,sylva,sylvan,sylvania,sylvester,sylvia,symsonia,syosset,syracuse,t.,tabb,taberg,tabernacle,table,tabor,tacoma,tad,taft,tafton,tahlequah,tahoe,tahoka,tahoma,takoma,talala,talbott,talbotton,talent,talihina,talkeetna,talking,tall,talladega,tallahassee,tallapoosa,tallassee,talleyville,tallmadge,tallman,tallula,tallulah,talmage,talmo,taloga,tamaqua,tamarac,tamms,tampa,tamuning,tamworth,tan,taneytown,tangerine,tangier,tanner,tannersville,taopi,taos,tappahannock,tappan,tapps,tarboro,tarentum,tarkio,tarpon,tarrytown,tarzan,tarzana,tassell,tatamy,tate,tatum,taunton,tavares,tavern,tavernier,tawas,taylor,taylors,taylorsville,taylorville,tazewell,teachey,teague,teaneck,teasdale,teaticket,tebbetts,tecumseh,tega,tehachapi,tehama,tehuacana,tekamah,tekoa,tekonsha,telford,tell,tellico,telluride,temecula,tempe,temperance,temperanceville,temple,templeton,ten,tenafly,tenaha,tenalfy,tenants,tenino,tennessee,tennyson,tenstrike,tequesta,ter,teresa,terra,terrace,terral,terre,terrebonne,terrell,terril,terry,terrytown,terryville,tesuque,teterboro,teton,tetonia,teutopolis,tewksbury,texarkana,texas,texhoma,texline,thackerville,thatcher,thawville,thaxton,thayer,thayne,the,thebes,thedford,theodore,thermal,thermopolis,thetford,thibodaux,thicket,thief,thiells,thiensville,thomas,thomasboro,thomaston,thomasville,thompson,thompsons,thompsontown,thompsonville,thomson,thonotosassa,thorndale,thorndike,thorne,thornhurst,thornton,thorntown,thornville,thornwood,thorp,thorpe,thorsby,thousand,thrall,three,thunder,thurman,thurmont,tiburon,tickfaw,ticonderoga,tidewater,tierra,tiffin,tifton,tigard,tiger,tigerton,tignall,tijeras,tilden,tilghman,tillamook,tilton,timber,timberlake,timberon,timbers,timberville,timken,timmonsville,timnath,timon,timonium,timpson,tina,tinley,tinnie,tinton,tioga,tionesta,tipp,tippecanoe,tipperton,tipton,tiptonville,tire,tirnon,tisbury,tishomingo,tiskilwa,titonka,titusville,tiverton,tivoli,tmnm,toano,tobaccoville,tobyhanna,toccoa,todd,tofte,tok,tolar,toledo,tolland,tollesboro,tolleson,tolley,tollhouse,tolna,tolono,toluca,tomah,tomahawk,tomball,tombstone,tomkins,tompkinsville,toms,tonasket,tonawanda,toney,tonganoxie,tonica,tonkawa,tonopah,tonto,tony,tooele,tool,toone,top,topanga,topeka,topinabee,topock,toppenish,topping,topsail,topsfield,topsham,topton,toquerville,torbert,torc,torch,tornado,toronto,torrance,torrey,torrington,toston,totowa,touchet,toughkenamon,toulon,tour,toutle,towaco,towanda,tower,town,towner,townsend,township,townville,towson,toxaway,toxey,trabuco,tracy,tracys,tracyton,trafalgar,trafford,trail,train,tralr,tranquility,tranquillity,transfer,trappe,trapper,travelers,traverse,treadwell,treasure,tree,trego,tremont,tremonton,trempealeau,tremper,trenary,trent,trenton,trevor,trevortn,trevose,trexlertown,treynor,triangle,tribune,trimble,trimont,trinidad,trinity,tripoli,tripp,trivoli,trophy,trough,troup,trout,troutdale,troutman,troutville,troy,truckee,trufant,truman,trumann,trumansburg,trumbull,trussville,truth,truxton,trvose,tryon,tualatin,tubac,tuckahoe,tucker,tuckerton,tucson,tucumcari,tuftonboro,tujunga,tukwila,tulalip,tulare,tularosa,tulelake,tulia,tullahoma,tullos,tully,tulsa,tumwater,tunica,tunkhannock,tunnel,tunnelton,tuolumne,tupelo,tupper,turbeville,turbotville,turlock,turner,turners,turnersville,turnerville,turon,turtle,turtlepoint,turtletown,tuscaloosa,tuscola,tuscumbia,tustin,tuttle,tutwiler,tuxedo,twain,twelve,twentynin,twentynine,twin,twinsburg,twisp,two,twp,twp.,twsp,tyaskin,tybee,tye,tygh,tyler,tylertown,tyner,tyngsboro,tyrone,tyronza,tysons,udall,uhrichsville,ukiah,ulla,ullin,ulm,ulman,ulster,ulysses,umatilla,umpire,umpqua,unadilla,unalaska,uncasville,underhill,underwood,unicoi,union,uniondale,uniontown,unionville,united,unity,univ,universal,university,uork,upatoi,upland,upper,upperco,upperville,uppr,upsala,upton,urbana,urbandale,urbanna,urich,us,usaf,usk,ut,utica,utopia,uvalde,uxbridge,v,va.,vacaville,vacherie,vad,vader,vadnais,vaiden,vail,valatie,valders,valdese,valdez,valdosta,vale,valencia,valentine,valier,valle,vallecito,vallejo,valley,valleyford,valleys,valliant,vally,valmeyer,valparaiso,valpo,valrico,van,vance,vanceboro,vanceburg,vancleave,vancleve,vancouver,vandalia,vanderbilt,vandergrift,vandervoort,vandiver,vandling,vansant,vardaman,varina,varnell,vashon,vass,vassalboro,vassar,vaughan,vaughn,vc,ved,vedra,veedersburg,vega,vegas,veguita,velpen,velva,venedocia,veneta,venetia,venice,ventnor,ventura,venture,venus,veradale,verano,verbank,verbena,verde,verden,verdes,verdi,verdon,verdugo,vergas,vergennes,vergne,veribest,verkin,vermilion,vermillion,vermontville,vernal,verndale,verne,vernia,vernon,vernonia,vero,verona,verplanck,versailles,vesper,vestal,vestavia,vesuvius,veta,vevay,veytown,vian,viborg,vici,vicksburg,victor,victoria,victorville,vidal,vidalia,vidor,viejo,vienna,viera,view,vilas,villa,village,villages,villanova,villas,ville,vilonia,vina,vinalhaven,vincennes,vincent,vincentown,vine,vineland,vinemont,vineyard,vining,vinita,vinton,vinyard,viola,violet,viper,virden,virgilina,virginia,virginville,viroqua,visa,visalia,vista,vivian,vleck,vlg,vlle,vly,volant,volborg,volcano,volga,volo,voluntown,von,vonore,voorhees,voorheesville,vqncouver,vrd,vrds,vredenburgh,vulcan,vy,w,w.,w.keansburg,waban,wabash,wabasha,wabeno,waccabuc,wachapreague,wachee,waco,waconia,waddell,waddy,wade,wadena,wadesboro,wadesville,wading,wadmalaw,wadsworth,waelder,wagarville,wagener,waggoner,wagoner,wagram,wahiawa,wahoo,wahpeton,waialua,waianae,waikoloa,wailuku,waimanalo,wainwright,waipahu,waite,waitsburg,waitsfield,wakarusa,wake,wakeeney,wakefield,wakeman,wakita,walbridge,walcott,walden,waldo,waldoboro,waldorf,waldron,waldwick,wales,waleska,walhalla,walker,walkersville,walkerton,walkertown,walkerville,wall,walla,wallace,walland,wallburg,walled,waller,wallingford,wallington,wallis,wallisville,wallkill,walloon,wallowa,walls,wallsburg,walnut,walnutport,walpole,walsenburg,walsh,walterboro,walters,waltersburg,walterville,walthall,waltham,walthill,walton,walworth,wamego,wamsutter,wanamingo,wanaque,wanatah,wanchese,wanette,wantage,wantagh,wapakoneta,wapello,wapity,wappapello,wappingers,wapwallopen,waquoit,war,ward,warden,wardensville,ware,wareham,waretown,warfordsburg,waring,warm,warminster,warner,warr,warren,warrendale,warrens,warrensburg,warrensville,warrenton,warrenville,warrington,warrior,warriors,warroad,warsaw,wartburg,warthen,wartrace,warwick,wasco,waseca,washburn,washingtn,washington,washingtonville,washinton,washoe,washougal,washta,washtucna,wasilla,waskom,wassaic,wataga,watauga,watch,watchung,water,waterboro,waterbury,waterfall,waterford,waterloo,waterproof,waters,watersmeet,watertown,waterville,watervliet,watford,watha,wathena,watkins,watkinsville,watonga,watrous,watseka,watsontown,watsonville,watts,wattsburg,waubay,waubun,wauchula,wauconda,waukee,waukegan,waukesha,waukon,waunakee,wauneta,waupaca,waupun,waurika,wausa,wausatosa,wausau,wausaukee,wauseon,wautoma,wauwatosa,waveland,waverly,wavwatosa,wawaka,wawarsing,wawona,waxahachie,waxhaw,way,waycross,wayland,waymart,wayne,waynesboro,waynesburg,waynesfield,waynesville,waynetown,waynoka,wayside,wayzata,wdm,wds,weare,weatherby,weatherford,weatherly,weatogue,weaver,weaverville,webb,webber,webberville,weber,webster,wedderburn,wedgefield,wedowee,weed,weedsport,weedville,weehawken,weeki,weems,weidman,weikert,weimar,weippe,weir,weirsdale,weirton,weiser,welch,welcome,weldon,weldona,wellborn,wellesley,wellfleet,wellford,welling,wellington,wellman,wells,wellsboro,wellsburg,wellston,wellsville,wellton,welsh,welty,wenatchee,wendell,wenden,wendover,wenham,wenona,wenonah,wentworth,wentzville,weogufka,weott,wernersville,wert,wescosville,weskan,weslaco,wesley,wesson,west,westampton,westboro,westborough,westbrook,westbury,westby,westchester,westcliffe,westerly,western,westernport,westernville,westerport,westerville,westfield,westford,westgate,westhampton,westlafayette,westlake,westland,westmanland,westminster,westmont,westmoreland,weston,westover,westphalia,westpoint,westport,westtown,westville,westwego,westwood,westworth,wethersfield,wetumka,wetumpka,wever,wevertown,wewahitchka,wewoka,wexford,weyauwega,weymouth,whaleyville,wharton,wheat,wheatfield,wheatland,wheatley,wheaton,wheeler,wheelersburg,wheeling,whigham,whippany,whispering,whit,white,whitefield,whitefish,whiteford,whitehall,whitehouse,whiteland,whitelaw,whiterocks,whites,whitesboro,whitesburg,whitestone,whitestown,whitesville,whitetail,whitethorn,whitetop,whiteville,whitewater,whitewood,whitewright,whitharral,whiting,whitingham,whitinsville,whitlash,whitley,whitleyville,whitman,whitmire,whitmore,whitney,whitsett,whittaker,whittemore,whitten,whittier,whitwell,wht,wi,wibaux,wichita,wickenburg,wickford,wickliffe,wicomico,wiconisco,wiergate,wiggins,wikieup,wilber,wilbraham,wilbur,wilburton,wilcox,wild,wilder,wildersville,wildomar,wildwood,wiley,wilkes,wilkes-barre,wilkesboro,wilkinson,willamina,willard,willards,willcox,willet,william,williams,williamsburg,williamsfield,williamson,williamsport,williamston,williamstown,williamsville,willimantic,willingboro,willington,willis,williston,willisville,willits,willmar,willoughby,willow,willowbrook,willowick,willows,wills,willseyville,wilmer,wilmerding,wilmette,wilmington,wilmore,wilmot,wilsall,wilseyville,wilson,wilsons,wilsonville,wilton,wimauma,wimberley,winamac,winchendon,winchester,wind,windber,windcrest,winder,windermere,windfall,windham,windom,window,windsor,winesburg,winfield,wing,wingate,wingdale,winger,wingo,winifred,wink,winlock,winneconne,winnemucca,winnetka,winnfield,winnie,winnsboro,winona,winooski,winslow,winsted,winston,winston-salem,winter,winterport,winters,winterset,wintersville,winterville,winthrop,winton,wiota,wirtz,wisc,wisconsin,wise,withee,witt,wittensville,wittmann,wixom,wls,wnchstr,woburn,wofford,wolcott,wolf,wolfe,wolfeboro,wolfforth,wolford,wolverine,wolverton,womelsdorf,wonalancet,wonder,wood,woodbine,woodbridge,woodburn,woodbury,woodcliff,woodford,woodhaven,woodinville,woodlake,woodland,woodlands,woodlawn,woodlyn,woodmere,woodridge,woodruff,woods,woodsboro,woodsfield,woodside,woodstock,woodsville,woodville,woodward,woodway,woolley,woolsey,woolwich,woonsocket,wooster,worcester,worden,works,worland,worley,worth,wortham,worthington,wrangell,wray,wrens,wrenshall,wrentham,wright,wrightstown,wrightsville,wrightwood,wyalusing,wyandotte,wyck,wyckoff,wye,wykoff,wylie,wymore,wynne,wynnewood,wyoming,wyomissing,wysox,wytheville,x,xenia,xing,yacolt,yadkinville,yakima,yalaha,yale,yamhill,yan,yanceyville,yankton,yantis,yardley,yarmouth,yarnell,yarrow,yates,yatesville,yazoo,yeaddiss,yellville,yelm,yemassee,yerington,ynez,yoakum,yoder,yoe,yoncalla,yonkers,yorba,york,yorktown,yorkville,young,youngstown,youngsville,youngtown,youngwood,yountville,ypsilanti,yreka,ysabel,ysidro,yuba,yucaipa,yucca,yucon,yukon,yulee,yuma,zacaville,zachary,zagreb,zanesfield,zanesville,zarephath,zebulon,zeeland,zelienople,zellwood,zephyr,zephyrhills,zillah,zimmerman,zion,zionsville,zirconia,zulch,zumbrota,zurich
