1lt,1sg,1st,1stlt,1stsgt,2d,2lt,2ndlt,a1c,ab,adm,adm.,amn,bg,bgen,br,br.,brig,brother,capt,capt.,captain,ccm,cdr,cmsaf,cmsgt,col,col.,cpl,cpo,cpt.,csm,cw2,cw3,cw4,cw5,cwo2,cwo3,cwo4,cwo5,doctor,dr,dr.,elder,ens,fadm,fadm.,father,fltcm,forcm,fr,fr.,ga,gen,gen.,goaf,gy,gysgt,hon,hon.,honorable,lcdr,lcpl,lieutenant,lt,lt.,ltc,ltc.,ltcol,ltg,ltgen,ltjg,maj,maj.,majgen,major,mcpo,mcpoc,mcpon,mg,mgysgt,miss,mister,mpcocg,mr,mr.,mrs,mrs.,ms,ms.,msg,msgt,pastor,pfc,po1,po2,po3,pr.,private,prof,prof.,professor,pv2,pvt,pvt.,rabbi,radm,radm.,rdml,rep,rep.,representative,rev,rev.,reverend,sa,scpo,sen,sen.,senator,sfc,sg,sgm,sgt,sgtmaj,sgtmajmarcor,sister,sma,smsgt,sn,spc,sr,sra,ssg,ssgt,tsgt,vadm,vadm.,wo1
